instance,instance_size,variant,algorithm,seed,run,success,total_cost,num_courses,elapsed_time,llm_calls,llm_evaluation_score,llm_evaluation_nota,trajectory_path,trajectory_found,variant_type,error_message,failed,is_valid_run,is_success,has_llm_eval,is_llm_variant
synthetic_10_courses_01.json,small,A,greedy,1,1,0,18,6,0.0004047999973408,0,,,trajectories\synthetic_10_courses_01.json__A__greedy__seed1__run1.json,0,oracle,,0,True,False,False,False
synthetic_10_courses_01.json,small,A,greedy,2,2,0,18,6,7.690000347793102e-05,0,,,trajectories\synthetic_10_courses_01.json__A__greedy__seed2__run2.json,0,oracle,,0,True,False,False,False
synthetic_10_courses_01.json,small,A,greedy,3,3,0,18,6,6.739998934790492e-05,0,,,trajectories\synthetic_10_courses_01.json__A__greedy__seed3__run3.json,0,oracle,,0,True,False,False,False
synthetic_10_courses_01.json,small,A,greedy,4,4,0,18,6,4.529999569058418e-05,0,,,trajectories\synthetic_10_courses_01.json__A__greedy__seed4__run4.json,0,oracle,,0,True,False,False,False
synthetic_10_courses_01.json,small,A,greedy,5,5,0,18,6,0.0001095000188797,0,,,trajectories\synthetic_10_courses_01.json__A__greedy__seed5__run5.json,0,oracle,,0,True,False,False,False
synthetic_10_courses_01.json,small,A,a_star,1,1,1,15,6,0.0008149000059347,0,,,trajectories\synthetic_10_courses_01.json__A__a_star__seed1__run1.json,1,oracle,,0,True,True,False,False
synthetic_10_courses_01.json,small,A,a_star,2,2,1,15,6,0.000671300018439,0,,,trajectories\synthetic_10_courses_01.json__A__a_star__seed2__run2.json,1,oracle,,0,True,True,False,False
synthetic_10_courses_01.json,small,A,a_star,3,3,1,15,6,0.0007845000072848,0,,,trajectories\synthetic_10_courses_01.json__A__a_star__seed3__run3.json,1,oracle,,0,True,True,False,False
synthetic_10_courses_01.json,small,A,a_star,4,4,1,15,6,0.000697699986631,0,,,trajectories\synthetic_10_courses_01.json__A__a_star__seed4__run4.json,1,oracle,,0,True,True,False,False
synthetic_10_courses_01.json,small,A,a_star,5,5,1,15,6,0.0007784999907016,0,,,trajectories\synthetic_10_courses_01.json__A__a_star__seed5__run5.json,1,oracle,,0,True,True,False,False
synthetic_10_courses_01.json,small,A,exact_small,1,1,1,15,6,0.0002827999996952,0,,,trajectories\synthetic_10_courses_01.json__A__exact_small__seed1__run1.json,1,oracle,,0,True,True,False,False
synthetic_10_courses_01.json,small,A,exact_small,2,2,1,15,6,0.0001607000012882,0,,,trajectories\synthetic_10_courses_01.json__A__exact_small__seed2__run2.json,1,oracle,,0,True,True,False,False
synthetic_10_courses_01.json,small,A,exact_small,3,3,1,15,6,0.0002371000009588,0,,,trajectories\synthetic_10_courses_01.json__A__exact_small__seed3__run3.json,1,oracle,,0,True,True,False,False
synthetic_10_courses_01.json,small,A,exact_small,4,4,1,15,6,0.0003452999808359,0,,,trajectories\synthetic_10_courses_01.json__A__exact_small__seed4__run4.json,1,oracle,,0,True,True,False,False
synthetic_10_courses_01.json,small,A,exact_small,5,5,1,15,6,0.0004039000195916,0,,,trajectories\synthetic_10_courses_01.json__A__exact_small__seed5__run5.json,1,oracle,,0,True,True,False,False
synthetic_10_courses_01.json,small,B,greedy,1,1,0,18,6,5.939998663961888e-05,1,,,trajectories\synthetic_10_courses_01.json__B__greedy__seed1__run1.json,0,auto,,0,True,False,False,True
synthetic_10_courses_01.json,small,B,greedy,2,2,0,18,6,7.77999812271446e-05,1,,,trajectories\synthetic_10_courses_01.json__B__greedy__seed2__run2.json,0,auto,,0,True,False,False,True
synthetic_10_courses_01.json,small,B,greedy,3,3,0,18,6,9.529999806545676e-05,1,,,trajectories\synthetic_10_courses_01.json__B__greedy__seed3__run3.json,0,auto,,0,True,False,False,True
synthetic_10_courses_01.json,small,B,greedy,4,4,0,18,6,9.849999332800508e-05,1,,,trajectories\synthetic_10_courses_01.json__B__greedy__seed4__run4.json,0,auto,,0,True,False,False,True
synthetic_10_courses_01.json,small,B,greedy,5,5,0,18,6,8.100000559352338e-05,1,,,trajectories\synthetic_10_courses_01.json__B__greedy__seed5__run5.json,0,auto,,0,True,False,False,True
synthetic_10_courses_01.json,small,B,a_star,1,1,1,15,6,0.0005211999814491,1,,,trajectories\synthetic_10_courses_01.json__B__a_star__seed1__run1.json,1,auto,,0,True,True,False,True
synthetic_10_courses_01.json,small,B,a_star,2,2,1,15,6,0.0003958000161219,1,,,trajectories\synthetic_10_courses_01.json__B__a_star__seed2__run2.json,1,auto,,0,True,True,False,True
synthetic_10_courses_01.json,small,B,a_star,3,3,1,15,6,0.0004211000050418,1,,,trajectories\synthetic_10_courses_01.json__B__a_star__seed3__run3.json,1,auto,,0,True,True,False,True
synthetic_10_courses_01.json,small,B,a_star,4,4,1,15,6,0.0003314999921713,1,,,trajectories\synthetic_10_courses_01.json__B__a_star__seed4__run4.json,1,auto,,0,True,True,False,True
synthetic_10_courses_01.json,small,B,a_star,5,5,1,15,6,0.0004292000085115,1,,,trajectories\synthetic_10_courses_01.json__B__a_star__seed5__run5.json,1,auto,,0,True,True,False,True
synthetic_10_courses_01.json,small,B,exact_small,1,1,1,15,6,0.0001776999852154,1,,,trajectories\synthetic_10_courses_01.json__B__exact_small__seed1__run1.json,1,auto,,0,True,True,False,True
synthetic_10_courses_01.json,small,B,exact_small,2,2,1,15,6,0.0001740000152494,1,,,trajectories\synthetic_10_courses_01.json__B__exact_small__seed2__run2.json,1,auto,,0,True,True,False,True
synthetic_10_courses_01.json,small,B,exact_small,3,3,1,15,6,0.0001592000189702,1,,,trajectories\synthetic_10_courses_01.json__B__exact_small__seed3__run3.json,1,auto,,0,True,True,False,True
synthetic_10_courses_01.json,small,B,exact_small,4,4,1,15,6,0.0002007999864872,1,,,trajectories\synthetic_10_courses_01.json__B__exact_small__seed4__run4.json,1,auto,,0,True,True,False,True
synthetic_10_courses_01.json,small,B,exact_small,5,5,1,15,6,0.0002434999914839,1,,,trajectories\synthetic_10_courses_01.json__B__exact_small__seed5__run5.json,1,auto,,0,True,True,False,True
synthetic_10_courses_01.json,small,C,greedy,1,1,0,18,6,4.449998959898949e-05,0,,,trajectories\synthetic_10_courses_01.json__C__greedy__seed1__run1.json,0,guided,,0,True,False,False,True
synthetic_10_courses_01.json,small,C,greedy,2,2,0,18,6,6.990000838413835e-05,0,,,trajectories\synthetic_10_courses_01.json__C__greedy__seed2__run2.json,0,guided,,0,True,False,False,True
synthetic_10_courses_01.json,small,C,greedy,3,3,0,18,6,0.0001075000036507,0,,,trajectories\synthetic_10_courses_01.json__C__greedy__seed3__run3.json,0,guided,,0,True,False,False,True
synthetic_10_courses_01.json,small,C,greedy,4,4,0,18,6,7.790001109242439e-05,0,,,trajectories\synthetic_10_courses_01.json__C__greedy__seed4__run4.json,0,guided,,0,True,False,False,True
synthetic_10_courses_01.json,small,C,greedy,5,5,0,18,6,4.909999552182853e-05,0,,,trajectories\synthetic_10_courses_01.json__C__greedy__seed5__run5.json,0,guided,,0,True,False,False,True
synthetic_10_courses_01.json,small,C,a_star,1,1,1,15,6,0.0003955000138375,1,8.8,0.6,trajectories\synthetic_10_courses_01.json__C__a_star__seed1__run1.json,1,guided,,0,True,True,True,True
synthetic_10_courses_01.json,small,C,a_star,2,2,1,15,6,0.0004727000195998,1,8.8,0.6,trajectories\synthetic_10_courses_01.json__C__a_star__seed2__run2.json,1,guided,,0,True,True,True,True
synthetic_10_courses_01.json,small,C,a_star,3,3,1,15,6,0.0006201000069268,1,8.8,0.6,trajectories\synthetic_10_courses_01.json__C__a_star__seed3__run3.json,1,guided,,0,True,True,True,True
synthetic_10_courses_01.json,small,C,a_star,4,4,1,15,6,0.0005701000045519,1,8.8,0.6,trajectories\synthetic_10_courses_01.json__C__a_star__seed4__run4.json,1,guided,,0,True,True,True,True
synthetic_10_courses_01.json,small,C,a_star,5,5,1,15,6,0.0006617000035475,1,8.8,0.6,trajectories\synthetic_10_courses_01.json__C__a_star__seed5__run5.json,1,guided,,0,True,True,True,True
synthetic_10_courses_01.json,small,C,exact_small,1,1,1,15,6,0.0002584000176284,1,8.8,0.6,trajectories\synthetic_10_courses_01.json__C__exact_small__seed1__run1.json,1,guided,,0,True,True,True,True
synthetic_10_courses_01.json,small,C,exact_small,2,2,1,15,6,0.0004257000109646,1,8.8,0.6,trajectories\synthetic_10_courses_01.json__C__exact_small__seed2__run2.json,1,guided,,0,True,True,True,True
synthetic_10_courses_01.json,small,C,exact_small,3,3,1,15,6,0.0005361000075936,1,8.8,0.6,trajectories\synthetic_10_courses_01.json__C__exact_small__seed3__run3.json,1,guided,,0,True,True,True,True
synthetic_10_courses_01.json,small,C,exact_small,4,4,1,15,6,0.0003144000074826,1,8.8,0.6,trajectories\synthetic_10_courses_01.json__C__exact_small__seed4__run4.json,1,guided,,0,True,True,True,True
synthetic_10_courses_01.json,small,C,exact_small,5,5,1,15,6,0.0003071000101044,1,8.8,0.6,trajectories\synthetic_10_courses_01.json__C__exact_small__seed5__run5.json,1,guided,,0,True,True,True,True
synthetic_10_courses_01.json,small,D,greedy,1,1,1,19,7,23.804776900011348,7,,,trajectories\synthetic_10_courses_01.json__D__greedy__seed1__run1.json,1,guided,,0,True,True,False,True
synthetic_10_courses_01.json,small,D,greedy,2,2,1,19,7,0.0893555000075139,7,,,trajectories\synthetic_10_courses_01.json__D__greedy__seed2__run2.json,1,guided,,0,True,True,False,True
synthetic_10_courses_01.json,small,D,greedy,3,3,1,19,7,0.0722360000072512,7,,,trajectories\synthetic_10_courses_01.json__D__greedy__seed3__run3.json,1,guided,,0,True,True,False,True
synthetic_10_courses_01.json,small,D,greedy,4,4,1,19,7,0.0756142999744042,7,,,trajectories\synthetic_10_courses_01.json__D__greedy__seed4__run4.json,1,guided,,0,True,True,False,True
synthetic_10_courses_01.json,small,D,greedy,5,5,1,19,7,0.0763154000160284,7,,,trajectories\synthetic_10_courses_01.json__D__greedy__seed5__run5.json,1,guided,,0,True,True,False,True
synthetic_10_courses_01.json,small,D,a_star,1,1,1,19,7,0.076796799985459,7,,,trajectories\synthetic_10_courses_01.json__D__a_star__seed1__run1.json,1,guided,,0,True,True,False,True
synthetic_10_courses_01.json,small,D,a_star,2,2,1,19,7,0.0755038000061176,7,,,trajectories\synthetic_10_courses_01.json__D__a_star__seed2__run2.json,1,guided,,0,True,True,False,True
synthetic_10_courses_01.json,small,D,a_star,3,3,1,19,7,0.090767899993807,7,,,trajectories\synthetic_10_courses_01.json__D__a_star__seed3__run3.json,1,guided,,0,True,True,False,True
synthetic_10_courses_01.json,small,D,a_star,4,4,1,19,7,0.0927387999836355,7,,,trajectories\synthetic_10_courses_01.json__D__a_star__seed4__run4.json,1,guided,,0,True,True,False,True
synthetic_10_courses_01.json,small,D,a_star,5,5,1,19,7,0.0717057000147178,7,,,trajectories\synthetic_10_courses_01.json__D__a_star__seed5__run5.json,1,guided,,0,True,True,False,True
synthetic_10_courses_01.json,small,D,exact_small,1,1,1,19,7,0.0347211000043898,7,,,trajectories\synthetic_10_courses_01.json__D__exact_small__seed1__run1.json,1,guided,,0,True,True,False,True
synthetic_10_courses_01.json,small,D,exact_small,2,2,1,19,7,0.0334047000214923,7,,,trajectories\synthetic_10_courses_01.json__D__exact_small__seed2__run2.json,1,guided,,0,True,True,False,True
synthetic_10_courses_01.json,small,D,exact_small,3,3,1,19,7,0.034154099994339,7,,,trajectories\synthetic_10_courses_01.json__D__exact_small__seed3__run3.json,1,guided,,0,True,True,False,True
synthetic_10_courses_01.json,small,D,exact_small,4,4,1,19,7,0.0334274999913759,7,,,trajectories\synthetic_10_courses_01.json__D__exact_small__seed4__run4.json,1,guided,,0,True,True,False,True
synthetic_10_courses_01.json,small,D,exact_small,5,5,1,19,7,0.0389826000027824,7,,,trajectories\synthetic_10_courses_01.json__D__exact_small__seed5__run5.json,1,guided,,0,True,True,False,True
synthetic_10_courses_02.json,small,A,greedy,1,1,1,26,8,6.680001388303936e-05,0,,,trajectories\synthetic_10_courses_02.json__A__greedy__seed1__run1.json,1,oracle,,0,True,True,False,False
synthetic_10_courses_02.json,small,A,greedy,2,2,1,26,8,5.639999289996922e-05,0,,,trajectories\synthetic_10_courses_02.json__A__greedy__seed2__run2.json,1,oracle,,0,True,True,False,False
synthetic_10_courses_02.json,small,A,greedy,3,3,1,26,8,0.0001417000021319,0,,,trajectories\synthetic_10_courses_02.json__A__greedy__seed3__run3.json,1,oracle,,0,True,True,False,False
synthetic_10_courses_02.json,small,A,greedy,4,4,1,26,8,7.680000271648169e-05,0,,,trajectories\synthetic_10_courses_02.json__A__greedy__seed4__run4.json,1,oracle,,0,True,True,False,False
synthetic_10_courses_02.json,small,A,greedy,5,5,1,26,8,0.0001097999920602,0,,,trajectories\synthetic_10_courses_02.json__A__greedy__seed5__run5.json,1,oracle,,0,True,True,False,False
synthetic_10_courses_02.json,small,A,a_star,1,1,1,20,6,0.0011616999981924,0,,,trajectories\synthetic_10_courses_02.json__A__a_star__seed1__run1.json,1,oracle,,0,True,True,False,False
synthetic_10_courses_02.json,small,A,a_star,2,2,1,20,6,0.0009671000007074,0,,,trajectories\synthetic_10_courses_02.json__A__a_star__seed2__run2.json,1,oracle,,0,True,True,False,False
synthetic_10_courses_02.json,small,A,a_star,3,3,1,20,6,0.001249299995834,0,,,trajectories\synthetic_10_courses_02.json__A__a_star__seed3__run3.json,1,oracle,,0,True,True,False,False
synthetic_10_courses_02.json,small,A,a_star,4,4,1,20,6,0.0012638000189326,0,,,trajectories\synthetic_10_courses_02.json__A__a_star__seed4__run4.json,1,oracle,,0,True,True,False,False
synthetic_10_courses_02.json,small,A,a_star,5,5,1,20,6,0.0009850999922491,0,,,trajectories\synthetic_10_courses_02.json__A__a_star__seed5__run5.json,1,oracle,,0,True,True,False,False
synthetic_10_courses_02.json,small,A,exact_small,1,1,1,20,6,0.0006642999942414,0,,,trajectories\synthetic_10_courses_02.json__A__exact_small__seed1__run1.json,1,oracle,,0,True,True,False,False
synthetic_10_courses_02.json,small,A,exact_small,2,2,1,20,6,0.0006669000140391,0,,,trajectories\synthetic_10_courses_02.json__A__exact_small__seed2__run2.json,1,oracle,,0,True,True,False,False
synthetic_10_courses_02.json,small,A,exact_small,3,3,1,20,6,0.0004355999990366,0,,,trajectories\synthetic_10_courses_02.json__A__exact_small__seed3__run3.json,1,oracle,,0,True,True,False,False
synthetic_10_courses_02.json,small,A,exact_small,4,4,1,20,6,0.0005696000007446,0,,,trajectories\synthetic_10_courses_02.json__A__exact_small__seed4__run4.json,1,oracle,,0,True,True,False,False
synthetic_10_courses_02.json,small,A,exact_small,5,5,1,20,6,0.0005836999916937,0,,,trajectories\synthetic_10_courses_02.json__A__exact_small__seed5__run5.json,1,oracle,,0,True,True,False,False
synthetic_10_courses_02.json,small,B,greedy,1,1,1,26,8,0.0001061000220943,1,,,trajectories\synthetic_10_courses_02.json__B__greedy__seed1__run1.json,1,auto,,0,True,True,False,True
synthetic_10_courses_02.json,small,B,greedy,2,2,1,26,8,0.0001883000077214,1,,,trajectories\synthetic_10_courses_02.json__B__greedy__seed2__run2.json,1,auto,,0,True,True,False,True
synthetic_10_courses_02.json,small,B,greedy,3,3,1,26,8,8.969998452812433e-05,1,,,trajectories\synthetic_10_courses_02.json__B__greedy__seed3__run3.json,1,auto,,0,True,True,False,True
synthetic_10_courses_02.json,small,B,greedy,4,4,1,26,8,8.219998562708497e-05,1,,,trajectories\synthetic_10_courses_02.json__B__greedy__seed4__run4.json,1,auto,,0,True,True,False,True
synthetic_10_courses_02.json,small,B,greedy,5,5,1,26,8,0.0001243000151589,1,,,trajectories\synthetic_10_courses_02.json__B__greedy__seed5__run5.json,1,auto,,0,True,True,False,True
synthetic_10_courses_02.json,small,B,a_star,1,1,1,20,6,0.0015718000067863,1,,,trajectories\synthetic_10_courses_02.json__B__a_star__seed1__run1.json,1,auto,,0,True,True,False,True
synthetic_10_courses_02.json,small,B,a_star,2,2,1,20,6,0.0016031999839469,1,,,trajectories\synthetic_10_courses_02.json__B__a_star__seed2__run2.json,1,auto,,0,True,True,False,True
synthetic_10_courses_02.json,small,B,a_star,3,3,1,20,6,0.0015606000088155,1,,,trajectories\synthetic_10_courses_02.json__B__a_star__seed3__run3.json,1,auto,,0,True,True,False,True
synthetic_10_courses_02.json,small,B,a_star,4,4,1,20,6,0.0015631999995093,1,,,trajectories\synthetic_10_courses_02.json__B__a_star__seed4__run4.json,1,auto,,0,True,True,False,True
synthetic_10_courses_02.json,small,B,a_star,5,5,1,20,6,0.0025796999980229,1,,,trajectories\synthetic_10_courses_02.json__B__a_star__seed5__run5.json,1,auto,,0,True,True,False,True
synthetic_10_courses_02.json,small,B,exact_small,1,1,1,20,6,0.0010066000104416,1,,,trajectories\synthetic_10_courses_02.json__B__exact_small__seed1__run1.json,1,auto,,0,True,True,False,True
synthetic_10_courses_02.json,small,B,exact_small,2,2,1,20,6,0.0006332999910227,1,,,trajectories\synthetic_10_courses_02.json__B__exact_small__seed2__run2.json,1,auto,,0,True,True,False,True
synthetic_10_courses_02.json,small,B,exact_small,3,3,1,20,6,0.0010087999980896,1,,,trajectories\synthetic_10_courses_02.json__B__exact_small__seed3__run3.json,1,auto,,0,True,True,False,True
synthetic_10_courses_02.json,small,B,exact_small,4,4,1,20,6,0.0006296999927144,1,,,trajectories\synthetic_10_courses_02.json__B__exact_small__seed4__run4.json,1,auto,,0,True,True,False,True
synthetic_10_courses_02.json,small,B,exact_small,5,5,1,20,6,0.0007339000003412,1,,,trajectories\synthetic_10_courses_02.json__B__exact_small__seed5__run5.json,1,auto,,0,True,True,False,True
synthetic_10_courses_02.json,small,C,greedy,1,1,1,26,8,0.0001201999839395,1,8.4,0.7,trajectories\synthetic_10_courses_02.json__C__greedy__seed1__run1.json,1,guided,,0,True,True,True,True
synthetic_10_courses_02.json,small,C,greedy,2,2,1,26,8,0.0001301000011153,1,8.4,0.7,trajectories\synthetic_10_courses_02.json__C__greedy__seed2__run2.json,1,guided,,0,True,True,True,True
synthetic_10_courses_02.json,small,C,greedy,3,3,1,26,8,0.0001183999993372,1,8.4,0.7,trajectories\synthetic_10_courses_02.json__C__greedy__seed3__run3.json,1,guided,,0,True,True,True,True
synthetic_10_courses_02.json,small,C,greedy,4,4,1,26,8,8.110000635497272e-05,1,8.4,0.7,trajectories\synthetic_10_courses_02.json__C__greedy__seed4__run4.json,1,guided,,0,True,True,True,True
synthetic_10_courses_02.json,small,C,greedy,5,5,1,26,8,7.880001794546843e-05,1,8.4,0.7,trajectories\synthetic_10_courses_02.json__C__greedy__seed5__run5.json,1,guided,,0,True,True,True,True
synthetic_10_courses_02.json,small,C,a_star,1,1,1,20,6,0.0013980999938212,1,8.8,0.7,trajectories\synthetic_10_courses_02.json__C__a_star__seed1__run1.json,1,guided,,0,True,True,True,True
synthetic_10_courses_02.json,small,C,a_star,2,2,1,20,6,0.001565099984873,1,8.8,0.7,trajectories\synthetic_10_courses_02.json__C__a_star__seed2__run2.json,1,guided,,0,True,True,True,True
synthetic_10_courses_02.json,small,C,a_star,3,3,1,20,6,0.0017824000096879,1,8.8,0.7,trajectories\synthetic_10_courses_02.json__C__a_star__seed3__run3.json,1,guided,,0,True,True,True,True
synthetic_10_courses_02.json,small,C,a_star,4,4,1,20,6,0.0014861999952699,1,8.8,0.7,trajectories\synthetic_10_courses_02.json__C__a_star__seed4__run4.json,1,guided,,0,True,True,True,True
synthetic_10_courses_02.json,small,C,a_star,5,5,1,20,6,0.0015043999883346,1,8.8,0.7,trajectories\synthetic_10_courses_02.json__C__a_star__seed5__run5.json,1,guided,,0,True,True,True,True
synthetic_10_courses_02.json,small,C,exact_small,1,1,1,20,6,0.0008815999899525,1,8.8,0.6,trajectories\synthetic_10_courses_02.json__C__exact_small__seed1__run1.json,1,guided,,0,True,True,True,True
synthetic_10_courses_02.json,small,C,exact_small,2,2,1,20,6,0.0007045000093057,1,8.8,0.6,trajectories\synthetic_10_courses_02.json__C__exact_small__seed2__run2.json,1,guided,,0,True,True,True,True
synthetic_10_courses_02.json,small,C,exact_small,3,3,1,20,6,0.0007251000206451,1,8.8,0.6,trajectories\synthetic_10_courses_02.json__C__exact_small__seed3__run3.json,1,guided,,0,True,True,True,True
synthetic_10_courses_02.json,small,C,exact_small,4,4,1,20,6,0.0009381999843753,1,8.8,0.6,trajectories\synthetic_10_courses_02.json__C__exact_small__seed4__run4.json,1,guided,,0,True,True,True,True
synthetic_10_courses_02.json,small,C,exact_small,5,5,1,20,6,0.0006313000048976,1,8.8,0.6,trajectories\synthetic_10_courses_02.json__C__exact_small__seed5__run5.json,1,guided,,0,True,True,True,True
synthetic_10_courses_02.json,small,D,greedy,1,1,1,25,7,126.21382390000508,7,,,trajectories\synthetic_10_courses_02.json__D__greedy__seed1__run1.json,1,guided,,0,True,True,False,True
synthetic_10_courses_02.json,small,D,greedy,2,2,1,25,7,0.0579598000040277,7,,,trajectories\synthetic_10_courses_02.json__D__greedy__seed2__run2.json,1,guided,,0,True,True,False,True
synthetic_10_courses_02.json,small,D,greedy,3,3,1,25,7,0.047080200019991,7,,,trajectories\synthetic_10_courses_02.json__D__greedy__seed3__run3.json,1,guided,,0,True,True,False,True
synthetic_10_courses_02.json,small,D,greedy,4,4,1,25,7,0.049043699982576,7,,,trajectories\synthetic_10_courses_02.json__D__greedy__seed4__run4.json,1,guided,,0,True,True,False,True
synthetic_10_courses_02.json,small,D,greedy,5,5,1,25,7,0.062323699996341,7,,,trajectories\synthetic_10_courses_02.json__D__greedy__seed5__run5.json,1,guided,,0,True,True,False,True
synthetic_10_courses_02.json,small,D,a_star,1,1,1,25,7,0.0379083000007085,7,,,trajectories\synthetic_10_courses_02.json__D__a_star__seed1__run1.json,1,guided,,0,True,True,False,True
synthetic_10_courses_02.json,small,D,a_star,2,2,1,25,7,0.0375120000098831,7,,,trajectories\synthetic_10_courses_02.json__D__a_star__seed2__run2.json,1,guided,,0,True,True,False,True
synthetic_10_courses_02.json,small,D,a_star,3,3,1,25,7,0.0386433000094257,7,,,trajectories\synthetic_10_courses_02.json__D__a_star__seed3__run3.json,1,guided,,0,True,True,False,True
synthetic_10_courses_02.json,small,D,a_star,4,4,1,25,7,0.0372684999892953,7,,,trajectories\synthetic_10_courses_02.json__D__a_star__seed4__run4.json,1,guided,,0,True,True,False,True
synthetic_10_courses_02.json,small,D,a_star,5,5,1,25,7,0.037866099999519,7,,,trajectories\synthetic_10_courses_02.json__D__a_star__seed5__run5.json,1,guided,,0,True,True,False,True
synthetic_10_courses_02.json,small,D,exact_small,1,1,1,25,7,0.039792399998987,7,,,trajectories\synthetic_10_courses_02.json__D__exact_small__seed1__run1.json,1,guided,,0,True,True,False,True
synthetic_10_courses_02.json,small,D,exact_small,2,2,1,25,7,0.0402180000091902,7,,,trajectories\synthetic_10_courses_02.json__D__exact_small__seed2__run2.json,1,guided,,0,True,True,False,True
synthetic_10_courses_02.json,small,D,exact_small,3,3,1,25,7,0.0476921999943442,7,,,trajectories\synthetic_10_courses_02.json__D__exact_small__seed3__run3.json,1,guided,,0,True,True,False,True
synthetic_10_courses_02.json,small,D,exact_small,4,4,1,25,7,0.036574700003257,7,,,trajectories\synthetic_10_courses_02.json__D__exact_small__seed4__run4.json,1,guided,,0,True,True,False,True
synthetic_10_courses_02.json,small,D,exact_small,5,5,1,25,7,0.0361917999980505,7,,,trajectories\synthetic_10_courses_02.json__D__exact_small__seed5__run5.json,1,guided,,0,True,True,False,True
synthetic_10_courses_03.json,small,A,greedy,1,1,1,40,10,7.819998427294195e-05,0,,,trajectories\synthetic_10_courses_03.json__A__greedy__seed1__run1.json,1,oracle,,0,True,True,False,False
synthetic_10_courses_03.json,small,A,greedy,2,2,1,40,10,6.719998782500625e-05,0,,,trajectories\synthetic_10_courses_03.json__A__greedy__seed2__run2.json,1,oracle,,0,True,True,False,False
synthetic_10_courses_03.json,small,A,greedy,3,3,1,40,10,0.000100300007034,0,,,trajectories\synthetic_10_courses_03.json__A__greedy__seed3__run3.json,1,oracle,,0,True,True,False,False
synthetic_10_courses_03.json,small,A,greedy,4,4,1,40,10,0.0001100999943446,0,,,trajectories\synthetic_10_courses_03.json__A__greedy__seed4__run4.json,1,oracle,,0,True,True,False,False
synthetic_10_courses_03.json,small,A,greedy,5,5,1,40,10,0.000110199995106,0,,,trajectories\synthetic_10_courses_03.json__A__greedy__seed5__run5.json,1,oracle,,0,True,True,False,False
synthetic_10_courses_03.json,small,A,a_star,1,1,1,32,8,0.0008168999920599,0,,,trajectories\synthetic_10_courses_03.json__A__a_star__seed1__run1.json,1,oracle,,0,True,True,False,False
synthetic_10_courses_03.json,small,A,a_star,2,2,1,32,8,0.0009290000016335,0,,,trajectories\synthetic_10_courses_03.json__A__a_star__seed2__run2.json,1,oracle,,0,True,True,False,False
synthetic_10_courses_03.json,small,A,a_star,3,3,1,32,8,0.0009343000128865,0,,,trajectories\synthetic_10_courses_03.json__A__a_star__seed3__run3.json,1,oracle,,0,True,True,False,False
synthetic_10_courses_03.json,small,A,a_star,4,4,1,32,8,0.0008226000063586,0,,,trajectories\synthetic_10_courses_03.json__A__a_star__seed4__run4.json,1,oracle,,0,True,True,False,False
synthetic_10_courses_03.json,small,A,a_star,5,5,1,32,8,0.000845600006869,0,,,trajectories\synthetic_10_courses_03.json__A__a_star__seed5__run5.json,1,oracle,,0,True,True,False,False
synthetic_10_courses_03.json,small,A,exact_small,1,1,1,32,8,0.0003463000175543,0,,,trajectories\synthetic_10_courses_03.json__A__exact_small__seed1__run1.json,1,oracle,,0,True,True,False,False
synthetic_10_courses_03.json,small,A,exact_small,2,2,1,32,8,0.0007162000110838,0,,,trajectories\synthetic_10_courses_03.json__A__exact_small__seed2__run2.json,1,oracle,,0,True,True,False,False
synthetic_10_courses_03.json,small,A,exact_small,3,3,1,32,8,0.000349499983713,0,,,trajectories\synthetic_10_courses_03.json__A__exact_small__seed3__run3.json,1,oracle,,0,True,True,False,False
synthetic_10_courses_03.json,small,A,exact_small,4,4,1,32,8,0.000354400021024,0,,,trajectories\synthetic_10_courses_03.json__A__exact_small__seed4__run4.json,1,oracle,,0,True,True,False,False
synthetic_10_courses_03.json,small,A,exact_small,5,5,1,32,8,0.0005234000273048,0,,,trajectories\synthetic_10_courses_03.json__A__exact_small__seed5__run5.json,1,oracle,,0,True,True,False,False
synthetic_10_courses_03.json,small,B,greedy,1,1,1,40,10,0.0001446999958716,1,,,trajectories\synthetic_10_courses_03.json__B__greedy__seed1__run1.json,1,auto,,0,True,True,False,True
synthetic_10_courses_03.json,small,B,greedy,2,2,1,40,10,8.24000162538141e-05,1,,,trajectories\synthetic_10_courses_03.json__B__greedy__seed2__run2.json,1,auto,,0,True,True,False,True
synthetic_10_courses_03.json,small,B,greedy,3,3,1,40,10,0.0001202000130433,1,,,trajectories\synthetic_10_courses_03.json__B__greedy__seed3__run3.json,1,auto,,0,True,True,False,True
synthetic_10_courses_03.json,small,B,greedy,4,4,1,40,10,0.0001183999993372,1,,,trajectories\synthetic_10_courses_03.json__B__greedy__seed4__run4.json,1,auto,,0,True,True,False,True
synthetic_10_courses_03.json,small,B,greedy,5,5,1,40,10,0.0001260999997612,1,,,trajectories\synthetic_10_courses_03.json__B__greedy__seed5__run5.json,1,auto,,0,True,True,False,True
synthetic_10_courses_03.json,small,B,a_star,1,1,1,32,8,0.0010967999987769,1,,,trajectories\synthetic_10_courses_03.json__B__a_star__seed1__run1.json,1,auto,,0,True,True,False,True
synthetic_10_courses_03.json,small,B,a_star,2,2,1,32,8,0.0010591000027488,1,,,trajectories\synthetic_10_courses_03.json__B__a_star__seed2__run2.json,1,auto,,0,True,True,False,True
synthetic_10_courses_03.json,small,B,a_star,3,3,1,32,8,0.0012066999915987,1,,,trajectories\synthetic_10_courses_03.json__B__a_star__seed3__run3.json,1,auto,,0,True,True,False,True
synthetic_10_courses_03.json,small,B,a_star,4,4,1,32,8,0.001322700001765,1,,,trajectories\synthetic_10_courses_03.json__B__a_star__seed4__run4.json,1,auto,,0,True,True,False,True
synthetic_10_courses_03.json,small,B,a_star,5,5,1,32,8,0.0009733000188134,1,,,trajectories\synthetic_10_courses_03.json__B__a_star__seed5__run5.json,1,auto,,0,True,True,False,True
synthetic_10_courses_03.json,small,B,exact_small,1,1,1,32,8,0.0004137999785598,1,,,trajectories\synthetic_10_courses_03.json__B__exact_small__seed1__run1.json,1,auto,,0,True,True,False,True
synthetic_10_courses_03.json,small,B,exact_small,2,2,1,32,8,0.0004098999779671,1,,,trajectories\synthetic_10_courses_03.json__B__exact_small__seed2__run2.json,1,auto,,0,True,True,False,True
synthetic_10_courses_03.json,small,B,exact_small,3,3,1,32,8,0.0004352999967522,1,,,trajectories\synthetic_10_courses_03.json__B__exact_small__seed3__run3.json,1,auto,,0,True,True,False,True
synthetic_10_courses_03.json,small,B,exact_small,4,4,1,32,8,0.0006552999839186,1,,,trajectories\synthetic_10_courses_03.json__B__exact_small__seed4__run4.json,1,auto,,0,True,True,False,True
synthetic_10_courses_03.json,small,B,exact_small,5,5,1,32,8,0.0005127000040374,1,,,trajectories\synthetic_10_courses_03.json__B__exact_small__seed5__run5.json,1,auto,,0,True,True,False,True
synthetic_10_courses_03.json,small,C,greedy,1,1,1,40,10,0.0001290000218432,1,8.0,0.75,trajectories\synthetic_10_courses_03.json__C__greedy__seed1__run1.json,1,guided,,0,True,True,True,True
synthetic_10_courses_03.json,small,C,greedy,2,2,1,40,10,0.0001042000076267,1,8.0,0.75,trajectories\synthetic_10_courses_03.json__C__greedy__seed2__run2.json,1,guided,,0,True,True,True,True
synthetic_10_courses_03.json,small,C,greedy,3,3,1,40,10,0.0001012000138871,1,8.0,0.75,trajectories\synthetic_10_courses_03.json__C__greedy__seed3__run3.json,1,guided,,0,True,True,True,True
synthetic_10_courses_03.json,small,C,greedy,4,4,1,40,10,8.590001380071044e-05,1,8.0,0.75,trajectories\synthetic_10_courses_03.json__C__greedy__seed4__run4.json,1,guided,,0,True,True,True,True
synthetic_10_courses_03.json,small,C,greedy,5,5,1,40,10,7.930002175271511e-05,1,8.0,0.75,trajectories\synthetic_10_courses_03.json__C__greedy__seed5__run5.json,1,guided,,0,True,True,True,True
synthetic_10_courses_03.json,small,C,a_star,1,1,1,32,8,0.0009703999967314,1,8.4,0.8,trajectories\synthetic_10_courses_03.json__C__a_star__seed1__run1.json,1,guided,,0,True,True,True,True
synthetic_10_courses_03.json,small,C,a_star,2,2,1,32,8,0.001175500015961,1,8.4,0.8,trajectories\synthetic_10_courses_03.json__C__a_star__seed2__run2.json,1,guided,,0,True,True,True,True
synthetic_10_courses_03.json,small,C,a_star,3,3,1,32,8,0.0011818000057246,1,8.4,0.8,trajectories\synthetic_10_courses_03.json__C__a_star__seed3__run3.json,1,guided,,0,True,True,True,True
synthetic_10_courses_03.json,small,C,a_star,4,4,1,32,8,0.0010143999825231,1,8.4,0.8,trajectories\synthetic_10_courses_03.json__C__a_star__seed4__run4.json,1,guided,,0,True,True,True,True
synthetic_10_courses_03.json,small,C,a_star,5,5,1,32,8,0.0017112999921664,1,8.4,0.8,trajectories\synthetic_10_courses_03.json__C__a_star__seed5__run5.json,1,guided,,0,True,True,True,True
synthetic_10_courses_03.json,small,C,exact_small,1,1,1,32,8,0.0005044999998062,1,8.4,0.6,trajectories\synthetic_10_courses_03.json__C__exact_small__seed1__run1.json,1,guided,,0,True,True,True,True
synthetic_10_courses_03.json,small,C,exact_small,2,2,1,32,8,0.000608700007433,1,8.4,0.6,trajectories\synthetic_10_courses_03.json__C__exact_small__seed2__run2.json,1,guided,,0,True,True,True,True
synthetic_10_courses_03.json,small,C,exact_small,3,3,1,32,8,0.0004696999967563,1,8.4,0.6,trajectories\synthetic_10_courses_03.json__C__exact_small__seed3__run3.json,1,guided,,0,True,True,True,True
synthetic_10_courses_03.json,small,C,exact_small,4,4,1,32,8,0.0004356000281404,1,8.4,0.6,trajectories\synthetic_10_courses_03.json__C__exact_small__seed4__run4.json,1,guided,,0,True,True,True,True
synthetic_10_courses_03.json,small,C,exact_small,5,5,1,32,8,0.0004296000115573,1,8.4,0.6,trajectories\synthetic_10_courses_03.json__C__exact_small__seed5__run5.json,1,guided,,0,True,True,True,True
synthetic_10_courses_03.json,small,D,greedy,1,1,1,36,9,150.1436393999902,9,,,trajectories\synthetic_10_courses_03.json__D__greedy__seed1__run1.json,1,guided,,0,True,True,False,True
synthetic_10_courses_03.json,small,D,greedy,2,2,1,36,9,0.0744868000037968,9,,,trajectories\synthetic_10_courses_03.json__D__greedy__seed2__run2.json,1,guided,,0,True,True,False,True
synthetic_10_courses_03.json,small,D,greedy,3,3,1,36,9,0.0582322999835014,9,,,trajectories\synthetic_10_courses_03.json__D__greedy__seed3__run3.json,1,guided,,0,True,True,False,True
synthetic_10_courses_03.json,small,D,greedy,4,4,1,36,9,0.056108300021151,9,,,trajectories\synthetic_10_courses_03.json__D__greedy__seed4__run4.json,1,guided,,0,True,True,False,True
synthetic_10_courses_03.json,small,D,greedy,5,5,1,36,9,0.0561090999981388,9,,,trajectories\synthetic_10_courses_03.json__D__greedy__seed5__run5.json,1,guided,,0,True,True,False,True
synthetic_10_courses_03.json,small,D,a_star,1,1,1,36,9,0.0528197000094223,9,,,trajectories\synthetic_10_courses_03.json__D__a_star__seed1__run1.json,1,guided,,0,True,True,False,True
synthetic_10_courses_03.json,small,D,a_star,2,2,1,36,9,0.0701895999955013,9,,,trajectories\synthetic_10_courses_03.json__D__a_star__seed2__run2.json,1,guided,,0,True,True,False,True
synthetic_10_courses_03.json,small,D,a_star,3,3,1,36,9,0.0544821000075899,9,,,trajectories\synthetic_10_courses_03.json__D__a_star__seed3__run3.json,1,guided,,0,True,True,False,True
synthetic_10_courses_03.json,small,D,a_star,4,4,1,36,9,0.0517545999900903,9,,,trajectories\synthetic_10_courses_03.json__D__a_star__seed4__run4.json,1,guided,,0,True,True,False,True
synthetic_10_courses_03.json,small,D,a_star,5,5,1,36,9,0.0509817999845836,9,,,trajectories\synthetic_10_courses_03.json__D__a_star__seed5__run5.json,1,guided,,0,True,True,False,True
synthetic_10_courses_03.json,small,D,exact_small,1,1,1,36,9,0.0522449999989476,9,,,trajectories\synthetic_10_courses_03.json__D__exact_small__seed1__run1.json,1,guided,,0,True,True,False,True
synthetic_10_courses_03.json,small,D,exact_small,2,2,1,36,9,0.0485145000275224,9,,,trajectories\synthetic_10_courses_03.json__D__exact_small__seed2__run2.json,1,guided,,0,True,True,False,True
synthetic_10_courses_03.json,small,D,exact_small,3,3,1,36,9,0.0625565999944228,9,,,trajectories\synthetic_10_courses_03.json__D__exact_small__seed3__run3.json,1,guided,,0,True,True,False,True
synthetic_10_courses_03.json,small,D,exact_small,4,4,1,36,9,0.0486328999977558,9,,,trajectories\synthetic_10_courses_03.json__D__exact_small__seed4__run4.json,1,guided,,0,True,True,False,True
synthetic_10_courses_03.json,small,D,exact_small,5,5,1,36,9,0.0504139000258874,9,,,trajectories\synthetic_10_courses_03.json__D__exact_small__seed5__run5.json,1,guided,,0,True,True,False,True
synthetic_10_courses_04.json,small,A,greedy,1,1,1,25,7,5.4100004490464926e-05,0,,,trajectories\synthetic_10_courses_04.json__A__greedy__seed1__run1.json,1,oracle,,0,True,True,False,False
synthetic_10_courses_04.json,small,A,greedy,2,2,1,25,7,5.169998621568084e-05,0,,,trajectories\synthetic_10_courses_04.json__A__greedy__seed2__run2.json,1,oracle,,0,True,True,False,False
synthetic_10_courses_04.json,small,A,greedy,3,3,1,25,7,5.299999611452222e-05,0,,,trajectories\synthetic_10_courses_04.json__A__greedy__seed3__run3.json,1,oracle,,0,True,True,False,False
synthetic_10_courses_04.json,small,A,greedy,4,4,1,25,7,6.260001100599766e-05,0,,,trajectories\synthetic_10_courses_04.json__A__greedy__seed4__run4.json,1,oracle,,0,True,True,False,False
synthetic_10_courses_04.json,small,A,greedy,5,5,1,25,7,5.540001438930631e-05,0,,,trajectories\synthetic_10_courses_04.json__A__greedy__seed5__run5.json,1,oracle,,0,True,True,False,False
synthetic_10_courses_04.json,small,A,a_star,1,1,1,19,5,0.0005453000194393,0,,,trajectories\synthetic_10_courses_04.json__A__a_star__seed1__run1.json,1,oracle,,0,True,True,False,False
synthetic_10_courses_04.json,small,A,a_star,2,2,1,19,5,0.0005500999977812,0,,,trajectories\synthetic_10_courses_04.json__A__a_star__seed2__run2.json,1,oracle,,0,True,True,False,False
synthetic_10_courses_04.json,small,A,a_star,3,3,1,19,5,0.0005375999899115,0,,,trajectories\synthetic_10_courses_04.json__A__a_star__seed3__run3.json,1,oracle,,0,True,True,False,False
synthetic_10_courses_04.json,small,A,a_star,4,4,1,19,5,0.0005458999949041,0,,,trajectories\synthetic_10_courses_04.json__A__a_star__seed4__run4.json,1,oracle,,0,True,True,False,False
synthetic_10_courses_04.json,small,A,a_star,5,5,1,19,5,0.0010266999888699,0,,,trajectories\synthetic_10_courses_04.json__A__a_star__seed5__run5.json,1,oracle,,0,True,True,False,False
synthetic_10_courses_04.json,small,A,exact_small,1,1,1,19,5,0.0003235999902244,0,,,trajectories\synthetic_10_courses_04.json__A__exact_small__seed1__run1.json,1,oracle,,0,True,True,False,False
synthetic_10_courses_04.json,small,A,exact_small,2,2,1,19,5,0.0003329000028315,0,,,trajectories\synthetic_10_courses_04.json__A__exact_small__seed2__run2.json,1,oracle,,0,True,True,False,False
synthetic_10_courses_04.json,small,A,exact_small,3,3,1,19,5,0.0002772999869193,0,,,trajectories\synthetic_10_courses_04.json__A__exact_small__seed3__run3.json,1,oracle,,0,True,True,False,False
synthetic_10_courses_04.json,small,A,exact_small,4,4,1,19,5,0.0003463000175543,0,,,trajectories\synthetic_10_courses_04.json__A__exact_small__seed4__run4.json,1,oracle,,0,True,True,False,False
synthetic_10_courses_04.json,small,A,exact_small,5,5,1,19,5,0.0004256000102031,0,,,trajectories\synthetic_10_courses_04.json__A__exact_small__seed5__run5.json,1,oracle,,0,True,True,False,False
synthetic_10_courses_04.json,small,B,greedy,1,1,1,25,7,8.110000635497272e-05,1,,,trajectories\synthetic_10_courses_04.json__B__greedy__seed1__run1.json,1,auto,,0,True,True,False,True
synthetic_10_courses_04.json,small,B,greedy,2,2,1,25,7,0.0002040999825112,1,,,trajectories\synthetic_10_courses_04.json__B__greedy__seed2__run2.json,1,auto,,0,True,True,False,True
synthetic_10_courses_04.json,small,B,greedy,3,3,1,25,7,7.369997911155224e-05,1,,,trajectories\synthetic_10_courses_04.json__B__greedy__seed3__run3.json,1,auto,,0,True,True,False,True
synthetic_10_courses_04.json,small,B,greedy,4,4,1,25,7,9.999997564591467e-05,1,,,trajectories\synthetic_10_courses_04.json__B__greedy__seed4__run4.json,1,auto,,0,True,True,False,True
synthetic_10_courses_04.json,small,B,greedy,5,5,1,25,7,6.710001616738737e-05,1,,,trajectories\synthetic_10_courses_04.json__B__greedy__seed5__run5.json,1,auto,,0,True,True,False,True
synthetic_10_courses_04.json,small,B,a_star,1,1,1,19,5,0.000945200008573,1,,,trajectories\synthetic_10_courses_04.json__B__a_star__seed1__run1.json,1,auto,,0,True,True,False,True
synthetic_10_courses_04.json,small,B,a_star,2,2,1,19,5,0.0008473000198137,1,,,trajectories\synthetic_10_courses_04.json__B__a_star__seed2__run2.json,1,auto,,0,True,True,False,True
synthetic_10_courses_04.json,small,B,a_star,3,3,1,19,5,0.0006865999894216,1,,,trajectories\synthetic_10_courses_04.json__B__a_star__seed3__run3.json,1,auto,,0,True,True,False,True
synthetic_10_courses_04.json,small,B,a_star,4,4,1,19,5,0.0008972999930847,1,,,trajectories\synthetic_10_courses_04.json__B__a_star__seed4__run4.json,1,auto,,0,True,True,False,True
synthetic_10_courses_04.json,small,B,a_star,5,5,1,19,5,0.0008250000246334,1,,,trajectories\synthetic_10_courses_04.json__B__a_star__seed5__run5.json,1,auto,,0,True,True,False,True
synthetic_10_courses_04.json,small,B,exact_small,1,1,1,19,5,0.0003313999914098,1,,,trajectories\synthetic_10_courses_04.json__B__exact_small__seed1__run1.json,1,auto,,0,True,True,False,True
synthetic_10_courses_04.json,small,B,exact_small,2,2,1,19,5,0.0005469000025186,1,,,trajectories\synthetic_10_courses_04.json__B__exact_small__seed2__run2.json,1,auto,,0,True,True,False,True
synthetic_10_courses_04.json,small,B,exact_small,3,3,1,19,5,0.000311599986162,1,,,trajectories\synthetic_10_courses_04.json__B__exact_small__seed3__run3.json,1,auto,,0,True,True,False,True
synthetic_10_courses_04.json,small,B,exact_small,4,4,1,19,5,0.0008279000176116,1,,,trajectories\synthetic_10_courses_04.json__B__exact_small__seed4__run4.json,1,auto,,0,True,True,False,True
synthetic_10_courses_04.json,small,B,exact_small,5,5,1,19,5,0.0003758999810088,1,,,trajectories\synthetic_10_courses_04.json__B__exact_small__seed5__run5.json,1,auto,,0,True,True,False,True
synthetic_10_courses_04.json,small,C,greedy,1,1,1,25,7,0.0001010999840218,1,8.600000000000001,0.6,trajectories\synthetic_10_courses_04.json__C__greedy__seed1__run1.json,1,guided,,0,True,True,True,True
synthetic_10_courses_04.json,small,C,greedy,2,2,1,25,7,8.900000830180943e-05,1,8.600000000000001,0.6,trajectories\synthetic_10_courses_04.json__C__greedy__seed2__run2.json,1,guided,,0,True,True,True,True
synthetic_10_courses_04.json,small,C,greedy,3,3,1,25,7,7.270000060088933e-05,1,8.600000000000001,0.6,trajectories\synthetic_10_courses_04.json__C__greedy__seed3__run3.json,1,guided,,0,True,True,True,True
synthetic_10_courses_04.json,small,C,greedy,4,4,1,25,7,0.0001585999852977,1,8.600000000000001,0.6,trajectories\synthetic_10_courses_04.json__C__greedy__seed4__run4.json,1,guided,,0,True,True,True,True
synthetic_10_courses_04.json,small,C,greedy,5,5,1,25,7,7.169999298639596e-05,1,8.600000000000001,0.6,trajectories\synthetic_10_courses_04.json__C__greedy__seed5__run5.json,1,guided,,0,True,True,True,True
synthetic_10_courses_04.json,small,C,a_star,1,1,1,19,5,0.0012077999999746,1,9.0,0.4,trajectories\synthetic_10_courses_04.json__C__a_star__seed1__run1.json,1,guided,,0,True,True,True,True
synthetic_10_courses_04.json,small,C,a_star,2,2,1,19,5,0.0007931999862194,1,9.0,0.6,trajectories\synthetic_10_courses_04.json__C__a_star__seed2__run2.json,1,guided,,0,True,True,True,True
synthetic_10_courses_04.json,small,C,a_star,3,3,1,19,5,0.000732299988158,1,9.0,0.4,trajectories\synthetic_10_courses_04.json__C__a_star__seed3__run3.json,1,guided,,0,True,True,True,True
synthetic_10_courses_04.json,small,C,a_star,4,4,1,19,5,0.0008527000027243,1,9.0,0.4,trajectories\synthetic_10_courses_04.json__C__a_star__seed4__run4.json,1,guided,,0,True,True,True,True
synthetic_10_courses_04.json,small,C,a_star,5,5,1,19,5,0.0006900999869685,1,9.0,0.625,trajectories\synthetic_10_courses_04.json__C__a_star__seed5__run5.json,1,guided,,0,True,True,True,True
synthetic_10_courses_04.json,small,C,exact_small,1,1,1,19,5,0.0003921000170521,1,9.0,0.4,trajectories\synthetic_10_courses_04.json__C__exact_small__seed1__run1.json,1,guided,,0,True,True,True,True
synthetic_10_courses_04.json,small,C,exact_small,2,2,1,19,5,0.0004160999960731,1,9.0,0.4,trajectories\synthetic_10_courses_04.json__C__exact_small__seed2__run2.json,1,guided,,0,True,True,True,True
synthetic_10_courses_04.json,small,C,exact_small,3,3,1,19,5,0.0004049999988637,1,9.0,0.4,trajectories\synthetic_10_courses_04.json__C__exact_small__seed3__run3.json,1,guided,,0,True,True,True,True
synthetic_10_courses_04.json,small,C,exact_small,4,4,1,19,5,0.0003428000200074,1,9.0,0.4,trajectories\synthetic_10_courses_04.json__C__exact_small__seed4__run4.json,1,guided,,0,True,True,True,True
synthetic_10_courses_04.json,small,C,exact_small,5,5,1,19,5,0.000435699999798,1,9.0,0.4,trajectories\synthetic_10_courses_04.json__C__exact_small__seed5__run5.json,1,guided,,0,True,True,True,True
synthetic_10_courses_04.json,small,D,greedy,1,1,1,22,6,101.67863440001383,6,,,trajectories\synthetic_10_courses_04.json__D__greedy__seed1__run1.json,1,guided,,0,True,True,False,True
synthetic_10_courses_04.json,small,D,greedy,2,2,1,22,6,0.0361284999817144,6,,,trajectories\synthetic_10_courses_04.json__D__greedy__seed2__run2.json,1,guided,,0,True,True,False,True
synthetic_10_courses_04.json,small,D,greedy,3,3,1,22,6,0.0279976000019814,6,,,trajectories\synthetic_10_courses_04.json__D__greedy__seed3__run3.json,1,guided,,0,True,True,False,True
synthetic_10_courses_04.json,small,D,greedy,4,4,1,22,6,0.0287169000075664,6,,,trajectories\synthetic_10_courses_04.json__D__greedy__seed4__run4.json,1,guided,,0,True,True,False,True
synthetic_10_courses_04.json,small,D,greedy,5,5,1,22,6,0.029065000009723,6,,,trajectories\synthetic_10_courses_04.json__D__greedy__seed5__run5.json,1,guided,,0,True,True,False,True
synthetic_10_courses_04.json,small,D,a_star,1,1,1,22,6,0.0293703000061213,6,,,trajectories\synthetic_10_courses_04.json__D__a_star__seed1__run1.json,1,guided,,0,True,True,False,True
synthetic_10_courses_04.json,small,D,a_star,2,2,1,22,6,0.0272105000040028,6,,,trajectories\synthetic_10_courses_04.json__D__a_star__seed2__run2.json,1,guided,,0,True,True,False,True
synthetic_10_courses_04.json,small,D,a_star,3,3,1,22,6,0.0289935999899171,6,,,trajectories\synthetic_10_courses_04.json__D__a_star__seed3__run3.json,1,guided,,0,True,True,False,True
synthetic_10_courses_04.json,small,D,a_star,4,4,1,22,6,0.0291859999997541,6,,,trajectories\synthetic_10_courses_04.json__D__a_star__seed4__run4.json,1,guided,,0,True,True,False,True
synthetic_10_courses_04.json,small,D,a_star,5,5,1,22,6,0.0334538000170141,6,,,trajectories\synthetic_10_courses_04.json__D__a_star__seed5__run5.json,1,guided,,0,True,True,False,True
synthetic_10_courses_04.json,small,D,exact_small,1,1,1,22,6,0.0369601999991573,6,,,trajectories\synthetic_10_courses_04.json__D__exact_small__seed1__run1.json,1,guided,,0,True,True,False,True
synthetic_10_courses_04.json,small,D,exact_small,2,2,1,22,6,0.028480099979788,6,,,trajectories\synthetic_10_courses_04.json__D__exact_small__seed2__run2.json,1,guided,,0,True,True,False,True
synthetic_10_courses_04.json,small,D,exact_small,3,3,1,22,6,0.0285860000003594,6,,,trajectories\synthetic_10_courses_04.json__D__exact_small__seed3__run3.json,1,guided,,0,True,True,False,True
synthetic_10_courses_04.json,small,D,exact_small,4,4,1,22,6,0.0310459000174887,6,,,trajectories\synthetic_10_courses_04.json__D__exact_small__seed4__run4.json,1,guided,,0,True,True,False,True
synthetic_10_courses_04.json,small,D,exact_small,5,5,1,22,6,0.0300379000254906,6,,,trajectories\synthetic_10_courses_04.json__D__exact_small__seed5__run5.json,1,guided,,0,True,True,False,True
synthetic_10_courses_05.json,small,A,greedy,1,1,1,12,5,0.0001662999857217,0,,,trajectories\synthetic_10_courses_05.json__A__greedy__seed1__run1.json,1,oracle,,0,True,True,False,False
synthetic_10_courses_05.json,small,A,greedy,2,2,1,12,5,5.699999746866524e-05,0,,,trajectories\synthetic_10_courses_05.json__A__greedy__seed2__run2.json,1,oracle,,0,True,True,False,False
synthetic_10_courses_05.json,small,A,greedy,3,3,1,12,5,9.929999941959976e-05,0,,,trajectories\synthetic_10_courses_05.json__A__greedy__seed3__run3.json,1,oracle,,0,True,True,False,False
synthetic_10_courses_05.json,small,A,greedy,4,4,1,12,5,4.790001548826695e-05,0,,,trajectories\synthetic_10_courses_05.json__A__greedy__seed4__run4.json,1,oracle,,0,True,True,False,False
synthetic_10_courses_05.json,small,A,greedy,5,5,1,12,5,7.010000990703702e-05,0,,,trajectories\synthetic_10_courses_05.json__A__greedy__seed5__run5.json,1,oracle,,0,True,True,False,False
synthetic_10_courses_05.json,small,A,a_star,1,1,1,12,5,0.0011646999919321,0,,,trajectories\synthetic_10_courses_05.json__A__a_star__seed1__run1.json,1,oracle,,0,True,True,False,False
synthetic_10_courses_05.json,small,A,a_star,2,2,1,12,5,0.0015925000188872,0,,,trajectories\synthetic_10_courses_05.json__A__a_star__seed2__run2.json,1,oracle,,0,True,True,False,False
synthetic_10_courses_05.json,small,A,a_star,3,3,1,12,5,0.0012813000066671,0,,,trajectories\synthetic_10_courses_05.json__A__a_star__seed3__run3.json,1,oracle,,0,True,True,False,False
synthetic_10_courses_05.json,small,A,a_star,4,4,1,12,5,0.0013631999900098,0,,,trajectories\synthetic_10_courses_05.json__A__a_star__seed4__run4.json,1,oracle,,0,True,True,False,False
synthetic_10_courses_05.json,small,A,a_star,5,5,1,12,5,0.0012690000003203,0,,,trajectories\synthetic_10_courses_05.json__A__a_star__seed5__run5.json,1,oracle,,0,True,True,False,False
synthetic_10_courses_05.json,small,A,exact_small,1,1,1,12,5,0.0007750999939162,0,,,trajectories\synthetic_10_courses_05.json__A__exact_small__seed1__run1.json,1,oracle,,0,True,True,False,False
synthetic_10_courses_05.json,small,A,exact_small,2,2,1,12,5,0.0013153000036254,0,,,trajectories\synthetic_10_courses_05.json__A__exact_small__seed2__run2.json,1,oracle,,0,True,True,False,False
synthetic_10_courses_05.json,small,A,exact_small,3,3,1,12,5,0.0008267000084742,0,,,trajectories\synthetic_10_courses_05.json__A__exact_small__seed3__run3.json,1,oracle,,0,True,True,False,False
synthetic_10_courses_05.json,small,A,exact_small,4,4,1,12,5,0.0007003000064287,0,,,trajectories\synthetic_10_courses_05.json__A__exact_small__seed4__run4.json,1,oracle,,0,True,True,False,False
synthetic_10_courses_05.json,small,A,exact_small,5,5,1,12,5,0.0006881000008434,0,,,trajectories\synthetic_10_courses_05.json__A__exact_small__seed5__run5.json,1,oracle,,0,True,True,False,False
synthetic_10_courses_05.json,small,B,greedy,1,1,1,12,5,5.740000051446259e-05,1,,,trajectories\synthetic_10_courses_05.json__B__greedy__seed1__run1.json,1,auto,,0,True,True,False,True
synthetic_10_courses_05.json,small,B,greedy,2,2,1,12,5,7.01999815646559e-05,1,,,trajectories\synthetic_10_courses_05.json__B__greedy__seed2__run2.json,1,auto,,0,True,True,False,True
synthetic_10_courses_05.json,small,B,greedy,3,3,1,12,5,7.130001904442906e-05,1,,,trajectories\synthetic_10_courses_05.json__B__greedy__seed3__run3.json,1,auto,,0,True,True,False,True
synthetic_10_courses_05.json,small,B,greedy,4,4,1,12,5,5.939998663961888e-05,1,,,trajectories\synthetic_10_courses_05.json__B__greedy__seed4__run4.json,1,auto,,0,True,True,False,True
synthetic_10_courses_05.json,small,B,greedy,5,5,1,12,5,0.0001283999881707,1,,,trajectories\synthetic_10_courses_05.json__B__greedy__seed5__run5.json,1,auto,,0,True,True,False,True
synthetic_10_courses_05.json,small,B,a_star,1,1,1,12,5,0.0015477999986615,1,,,trajectories\synthetic_10_courses_05.json__B__a_star__seed1__run1.json,1,auto,,0,True,True,False,True
synthetic_10_courses_05.json,small,B,a_star,2,2,1,12,5,0.0011334999871905,1,,,trajectories\synthetic_10_courses_05.json__B__a_star__seed2__run2.json,1,auto,,0,True,True,False,True
synthetic_10_courses_05.json,small,B,a_star,3,3,1,12,5,0.001108500000555,1,,,trajectories\synthetic_10_courses_05.json__B__a_star__seed3__run3.json,1,auto,,0,True,True,False,True
synthetic_10_courses_05.json,small,B,a_star,4,4,1,12,5,0.001121699984651,1,,,trajectories\synthetic_10_courses_05.json__B__a_star__seed4__run4.json,1,auto,,0,True,True,False,True
synthetic_10_courses_05.json,small,B,a_star,5,5,1,12,5,0.001224200008437,1,,,trajectories\synthetic_10_courses_05.json__B__a_star__seed5__run5.json,1,auto,,0,True,True,False,True
synthetic_10_courses_05.json,small,B,exact_small,1,1,1,12,5,0.0005853000038769,1,,,trajectories\synthetic_10_courses_05.json__B__exact_small__seed1__run1.json,1,auto,,0,True,True,False,True
synthetic_10_courses_05.json,small,B,exact_small,2,2,1,12,5,0.0007339000003412,1,,,trajectories\synthetic_10_courses_05.json__B__exact_small__seed2__run2.json,1,auto,,0,True,True,False,True
synthetic_10_courses_05.json,small,B,exact_small,3,3,1,12,5,0.0013771000085398,1,,,trajectories\synthetic_10_courses_05.json__B__exact_small__seed3__run3.json,1,auto,,0,True,True,False,True
synthetic_10_courses_05.json,small,B,exact_small,4,4,1,12,5,0.000924300024053,1,,,trajectories\synthetic_10_courses_05.json__B__exact_small__seed4__run4.json,1,auto,,0,True,True,False,True
synthetic_10_courses_05.json,small,B,exact_small,5,5,1,12,5,0.0008663000189699,1,,,trajectories\synthetic_10_courses_05.json__B__exact_small__seed5__run5.json,1,auto,,0,True,True,False,True
synthetic_10_courses_05.json,small,C,greedy,1,1,1,12,5,6.819999543949962e-05,1,9.0,0.75,trajectories\synthetic_10_courses_05.json__C__greedy__seed1__run1.json,1,guided,,0,True,True,True,True
synthetic_10_courses_05.json,small,C,greedy,2,2,1,12,5,9.029998909682035e-05,1,9.0,0.75,trajectories\synthetic_10_courses_05.json__C__greedy__seed2__run2.json,1,guided,,0,True,True,True,True
synthetic_10_courses_05.json,small,C,greedy,3,3,1,12,5,6.779999239370227e-05,1,9.0,0.75,trajectories\synthetic_10_courses_05.json__C__greedy__seed3__run3.json,1,guided,,0,True,True,True,True
synthetic_10_courses_05.json,small,C,greedy,4,4,1,12,5,8.379999781027436e-05,1,9.0,0.75,trajectories\synthetic_10_courses_05.json__C__greedy__seed4__run4.json,1,guided,,0,True,True,True,True
synthetic_10_courses_05.json,small,C,greedy,5,5,1,12,5,8.259998867288232e-05,1,9.0,0.75,trajectories\synthetic_10_courses_05.json__C__greedy__seed5__run5.json,1,guided,,0,True,True,True,True
synthetic_10_courses_05.json,small,C,a_star,1,1,1,12,5,0.0018265999970026,1,9.0,0.4,trajectories\synthetic_10_courses_05.json__C__a_star__seed1__run1.json,1,guided,,0,True,True,True,True
synthetic_10_courses_05.json,small,C,a_star,2,2,1,12,5,0.0012692000018432,1,9.0,0.4,trajectories\synthetic_10_courses_05.json__C__a_star__seed2__run2.json,1,guided,,0,True,True,True,True
synthetic_10_courses_05.json,small,C,a_star,3,3,1,12,5,0.0013523999950848,1,9.0,0.4,trajectories\synthetic_10_courses_05.json__C__a_star__seed3__run3.json,1,guided,,0,True,True,True,True
synthetic_10_courses_05.json,small,C,a_star,4,4,1,12,5,0.0011775000020861,1,9.0,0.4,trajectories\synthetic_10_courses_05.json__C__a_star__seed4__run4.json,1,guided,,0,True,True,True,True
synthetic_10_courses_05.json,small,C,a_star,5,5,1,12,5,0.0012293999898247,1,9.0,0.4,trajectories\synthetic_10_courses_05.json__C__a_star__seed5__run5.json,1,guided,,0,True,True,True,True
synthetic_10_courses_05.json,small,C,exact_small,1,1,1,12,5,0.0007454000005964,1,9.0,0.4,trajectories\synthetic_10_courses_05.json__C__exact_small__seed1__run1.json,1,guided,,0,True,True,True,True
synthetic_10_courses_05.json,small,C,exact_small,2,2,1,12,5,0.0020220000005792,1,9.0,0.4,trajectories\synthetic_10_courses_05.json__C__exact_small__seed2__run2.json,1,guided,,0,True,True,True,True
synthetic_10_courses_05.json,small,C,exact_small,3,3,1,12,5,0.0013685000012628,1,9.0,0.4,trajectories\synthetic_10_courses_05.json__C__exact_small__seed3__run3.json,1,guided,,0,True,True,True,True
synthetic_10_courses_05.json,small,C,exact_small,4,4,1,12,5,0.0013768000062555,1,9.0,0.4,trajectories\synthetic_10_courses_05.json__C__exact_small__seed4__run4.json,1,guided,,0,True,True,True,True
synthetic_10_courses_05.json,small,C,exact_small,5,5,1,12,5,0.0018352000042796,1,9.0,0.4,trajectories\synthetic_10_courses_05.json__C__exact_small__seed5__run5.json,1,guided,,0,True,True,True,True
synthetic_10_courses_05.json,small,D,greedy,1,1,1,23,7,145.04493750000256,7,,,trajectories\synthetic_10_courses_05.json__D__greedy__seed1__run1.json,1,guided,,0,True,True,False,True
synthetic_10_courses_05.json,small,D,greedy,2,2,1,23,7,0.1032970999949611,7,,,trajectories\synthetic_10_courses_05.json__D__greedy__seed2__run2.json,1,guided,,0,True,True,False,True
synthetic_10_courses_05.json,small,D,greedy,3,3,1,23,7,0.0714487999794073,7,,,trajectories\synthetic_10_courses_05.json__D__greedy__seed3__run3.json,1,guided,,0,True,True,False,True
synthetic_10_courses_05.json,small,D,greedy,4,4,1,23,7,0.071669800003292,7,,,trajectories\synthetic_10_courses_05.json__D__greedy__seed4__run4.json,1,guided,,0,True,True,False,True
synthetic_10_courses_05.json,small,D,greedy,5,5,1,23,7,0.0728730000264477,7,,,trajectories\synthetic_10_courses_05.json__D__greedy__seed5__run5.json,1,guided,,0,True,True,False,True
synthetic_10_courses_05.json,small,D,a_star,1,1,1,23,7,0.0718385000072885,7,,,trajectories\synthetic_10_courses_05.json__D__a_star__seed1__run1.json,1,guided,,0,True,True,False,True
synthetic_10_courses_05.json,small,D,a_star,2,2,1,23,7,0.076478600007249,7,,,trajectories\synthetic_10_courses_05.json__D__a_star__seed2__run2.json,1,guided,,0,True,True,False,True
synthetic_10_courses_05.json,small,D,a_star,3,3,1,23,7,0.0904877000139094,7,,,trajectories\synthetic_10_courses_05.json__D__a_star__seed3__run3.json,1,guided,,0,True,True,False,True
synthetic_10_courses_05.json,small,D,a_star,4,4,1,23,7,0.071097899985034,7,,,trajectories\synthetic_10_courses_05.json__D__a_star__seed4__run4.json,1,guided,,0,True,True,False,True
synthetic_10_courses_05.json,small,D,a_star,5,5,1,23,7,0.0731158000126015,7,,,trajectories\synthetic_10_courses_05.json__D__a_star__seed5__run5.json,1,guided,,0,True,True,False,True
synthetic_10_courses_05.json,small,D,exact_small,1,1,1,23,7,0.070385900005931,7,,,trajectories\synthetic_10_courses_05.json__D__exact_small__seed1__run1.json,1,guided,,0,True,True,False,True
synthetic_10_courses_05.json,small,D,exact_small,2,2,1,23,7,0.0716020999825559,7,,,trajectories\synthetic_10_courses_05.json__D__exact_small__seed2__run2.json,1,guided,,0,True,True,False,True
synthetic_10_courses_05.json,small,D,exact_small,3,3,1,23,7,0.0734265999926719,7,,,trajectories\synthetic_10_courses_05.json__D__exact_small__seed3__run3.json,1,guided,,0,True,True,False,True
synthetic_10_courses_05.json,small,D,exact_small,4,4,1,23,7,0.0703832000144757,7,,,trajectories\synthetic_10_courses_05.json__D__exact_small__seed4__run4.json,1,guided,,0,True,True,False,True
synthetic_10_courses_05.json,small,D,exact_small,5,5,1,23,7,0.086323600000469,7,,,trajectories\synthetic_10_courses_05.json__D__exact_small__seed5__run5.json,1,guided,,0,True,True,False,True
synthetic_10_courses_06.json,small,A,greedy,1,1,1,26,7,0.0001114000042434,0,,,trajectories\synthetic_10_courses_06.json__A__greedy__seed1__run1.json,1,oracle,,0,True,True,False,False
synthetic_10_courses_06.json,small,A,greedy,2,2,1,26,7,0.0001161999825853,0,,,trajectories\synthetic_10_courses_06.json__A__greedy__seed2__run2.json,1,oracle,,0,True,True,False,False
synthetic_10_courses_06.json,small,A,greedy,3,3,1,26,7,0.000112599984277,0,,,trajectories\synthetic_10_courses_06.json__A__greedy__seed3__run3.json,1,oracle,,0,True,True,False,False
synthetic_10_courses_06.json,small,A,greedy,4,4,1,26,7,0.0001126000133808,0,,,trajectories\synthetic_10_courses_06.json__A__greedy__seed4__run4.json,1,oracle,,0,True,True,False,False
synthetic_10_courses_06.json,small,A,greedy,5,5,1,26,7,0.0001147000002674,0,,,trajectories\synthetic_10_courses_06.json__A__greedy__seed5__run5.json,1,oracle,,0,True,True,False,False
synthetic_10_courses_06.json,small,A,a_star,1,1,1,26,7,0.0012160000042058,0,,,trajectories\synthetic_10_courses_06.json__A__a_star__seed1__run1.json,1,oracle,,0,True,True,False,False
synthetic_10_courses_06.json,small,A,a_star,2,2,1,26,7,0.001139800006058,0,,,trajectories\synthetic_10_courses_06.json__A__a_star__seed2__run2.json,1,oracle,,0,True,True,False,False
synthetic_10_courses_06.json,small,A,a_star,3,3,1,26,7,0.0019546000112313,0,,,trajectories\synthetic_10_courses_06.json__A__a_star__seed3__run3.json,1,oracle,,0,True,True,False,False
synthetic_10_courses_06.json,small,A,a_star,4,4,1,26,7,0.0011997999972663,0,,,trajectories\synthetic_10_courses_06.json__A__a_star__seed4__run4.json,1,oracle,,0,True,True,False,False
synthetic_10_courses_06.json,small,A,a_star,5,5,1,26,7,0.0011262999905738,0,,,trajectories\synthetic_10_courses_06.json__A__a_star__seed5__run5.json,1,oracle,,0,True,True,False,False
synthetic_10_courses_06.json,small,A,exact_small,1,1,1,26,7,0.0004328000068198,0,,,trajectories\synthetic_10_courses_06.json__A__exact_small__seed1__run1.json,1,oracle,,0,True,True,False,False
synthetic_10_courses_06.json,small,A,exact_small,2,2,1,26,7,0.0006442000158131,0,,,trajectories\synthetic_10_courses_06.json__A__exact_small__seed2__run2.json,1,oracle,,0,True,True,False,False
synthetic_10_courses_06.json,small,A,exact_small,3,3,1,26,7,0.0004368999798316,0,,,trajectories\synthetic_10_courses_06.json__A__exact_small__seed3__run3.json,1,oracle,,0,True,True,False,False
synthetic_10_courses_06.json,small,A,exact_small,4,4,1,26,7,0.0004296000115573,0,,,trajectories\synthetic_10_courses_06.json__A__exact_small__seed4__run4.json,1,oracle,,0,True,True,False,False
synthetic_10_courses_06.json,small,A,exact_small,5,5,1,26,7,0.0005908000166527,0,,,trajectories\synthetic_10_courses_06.json__A__exact_small__seed5__run5.json,1,oracle,,0,True,True,False,False
synthetic_10_courses_06.json,small,B,greedy,1,1,1,26,7,0.0001187999732792,1,,,trajectories\synthetic_10_courses_06.json__B__greedy__seed1__run1.json,1,auto,,0,True,True,False,True
synthetic_10_courses_06.json,small,B,greedy,2,2,1,26,7,0.0001161000109277,1,,,trajectories\synthetic_10_courses_06.json__B__greedy__seed2__run2.json,1,auto,,0,True,True,False,True
synthetic_10_courses_06.json,small,B,greedy,3,3,1,26,7,0.0003518000012263,1,,,trajectories\synthetic_10_courses_06.json__B__greedy__seed3__run3.json,1,auto,,0,True,True,False,True
synthetic_10_courses_06.json,small,B,greedy,4,4,1,26,7,0.0001661999849602,1,,,trajectories\synthetic_10_courses_06.json__B__greedy__seed4__run4.json,1,auto,,0,True,True,False,True
synthetic_10_courses_06.json,small,B,greedy,5,5,1,26,7,0.0001744999899528,1,,,trajectories\synthetic_10_courses_06.json__B__greedy__seed5__run5.json,1,auto,,0,True,True,False,True
synthetic_10_courses_06.json,small,B,a_star,1,1,1,26,7,0.0014870000013615,1,,,trajectories\synthetic_10_courses_06.json__B__a_star__seed1__run1.json,1,auto,,0,True,True,False,True
synthetic_10_courses_06.json,small,B,a_star,2,2,1,26,7,0.0016556000045966,1,,,trajectories\synthetic_10_courses_06.json__B__a_star__seed2__run2.json,1,auto,,0,True,True,False,True
synthetic_10_courses_06.json,small,B,a_star,3,3,1,26,7,0.0021082999883219,1,,,trajectories\synthetic_10_courses_06.json__B__a_star__seed3__run3.json,1,auto,,0,True,True,False,True
synthetic_10_courses_06.json,small,B,a_star,4,4,1,26,7,0.0013872999988961,1,,,trajectories\synthetic_10_courses_06.json__B__a_star__seed4__run4.json,1,auto,,0,True,True,False,True
synthetic_10_courses_06.json,small,B,a_star,5,5,1,26,7,0.0012249000137671,1,,,trajectories\synthetic_10_courses_06.json__B__a_star__seed5__run5.json,1,auto,,0,True,True,False,True
synthetic_10_courses_06.json,small,B,exact_small,1,1,1,26,7,0.0006678000208921,1,,,trajectories\synthetic_10_courses_06.json__B__exact_small__seed1__run1.json,1,auto,,0,True,True,False,True
synthetic_10_courses_06.json,small,B,exact_small,2,2,1,26,7,0.0005910999898333,1,,,trajectories\synthetic_10_courses_06.json__B__exact_small__seed2__run2.json,1,auto,,0,True,True,False,True
synthetic_10_courses_06.json,small,B,exact_small,3,3,1,26,7,0.0005671000108122,1,,,trajectories\synthetic_10_courses_06.json__B__exact_small__seed3__run3.json,1,auto,,0,True,True,False,True
synthetic_10_courses_06.json,small,B,exact_small,4,4,1,26,7,0.0004852000274695,1,,,trajectories\synthetic_10_courses_06.json__B__exact_small__seed4__run4.json,1,auto,,0,True,True,False,True
synthetic_10_courses_06.json,small,B,exact_small,5,5,1,26,7,0.0004916999896522,1,,,trajectories\synthetic_10_courses_06.json__B__exact_small__seed5__run5.json,1,auto,,0,True,True,False,True
synthetic_10_courses_06.json,small,C,greedy,1,1,1,26,7,0.0002865999995265,1,8.600000000000001,0.7,trajectories\synthetic_10_courses_06.json__C__greedy__seed1__run1.json,1,guided,,0,True,True,True,True
synthetic_10_courses_06.json,small,C,greedy,2,2,1,26,7,0.0001142999972216,1,8.600000000000001,0.7,trajectories\synthetic_10_courses_06.json__C__greedy__seed2__run2.json,1,guided,,0,True,True,True,True
synthetic_10_courses_06.json,small,C,greedy,3,3,1,26,7,5.250002141110599e-05,1,8.600000000000001,0.7,trajectories\synthetic_10_courses_06.json__C__greedy__seed3__run3.json,1,guided,,0,True,True,True,True
synthetic_10_courses_06.json,small,C,greedy,4,4,1,26,7,6.650001159869134e-05,1,8.600000000000001,0.7,trajectories\synthetic_10_courses_06.json__C__greedy__seed4__run4.json,1,guided,,0,True,True,True,True
synthetic_10_courses_06.json,small,C,greedy,5,5,1,26,7,9.65000072028488e-05,1,8.600000000000001,0.7,trajectories\synthetic_10_courses_06.json__C__greedy__seed5__run5.json,1,guided,,0,True,True,True,True
synthetic_10_courses_06.json,small,C,a_star,1,1,1,26,7,0.0005246000073384,1,8.600000000000001,0.58,trajectories\synthetic_10_courses_06.json__C__a_star__seed1__run1.json,1,guided,,0,True,True,True,True
synthetic_10_courses_06.json,small,C,a_star,2,2,1,26,7,0.0005908999883104,1,8.600000000000001,0.58,trajectories\synthetic_10_courses_06.json__C__a_star__seed2__run2.json,1,guided,,0,True,True,True,True
synthetic_10_courses_06.json,small,C,a_star,3,3,1,26,7,0.0005001999961677,1,8.600000000000001,0.58,trajectories\synthetic_10_courses_06.json__C__a_star__seed3__run3.json,1,guided,,0,True,True,True,True
synthetic_10_courses_06.json,small,C,a_star,4,4,1,26,7,0.0005578999989666,1,8.600000000000001,0.58,trajectories\synthetic_10_courses_06.json__C__a_star__seed4__run4.json,1,guided,,0,True,True,True,True
synthetic_10_courses_06.json,small,C,a_star,5,5,1,26,7,0.0006111999973654,1,8.600000000000001,0.5,trajectories\synthetic_10_courses_06.json__C__a_star__seed5__run5.json,1,guided,,0,True,True,True,True
synthetic_10_courses_06.json,small,C,exact_small,1,1,1,26,7,0.0002463999844621,1,8.600000000000001,0.5,trajectories\synthetic_10_courses_06.json__C__exact_small__seed1__run1.json,1,guided,,0,True,True,True,True
synthetic_10_courses_06.json,small,C,exact_small,2,2,1,26,7,0.000241100002313,1,8.600000000000001,0.5,trajectories\synthetic_10_courses_06.json__C__exact_small__seed2__run2.json,1,guided,,0,True,True,True,True
synthetic_10_courses_06.json,small,C,exact_small,3,3,1,26,7,0.0002035000070463,1,8.600000000000001,0.5,trajectories\synthetic_10_courses_06.json__C__exact_small__seed3__run3.json,1,guided,,0,True,True,True,True
synthetic_10_courses_06.json,small,C,exact_small,4,4,1,26,7,0.000218400004087,1,8.600000000000001,0.5,trajectories\synthetic_10_courses_06.json__C__exact_small__seed4__run4.json,1,guided,,0,True,True,True,True
synthetic_10_courses_06.json,small,C,exact_small,5,5,1,26,7,0.000202099996386,1,8.600000000000001,0.5,trajectories\synthetic_10_courses_06.json__C__exact_small__seed5__run5.json,1,guided,,0,True,True,True,True
synthetic_10_courses_06.json,small,D,greedy,1,1,1,31,8,147.38612529999227,8,,,trajectories\synthetic_10_courses_06.json__D__greedy__seed1__run1.json,1,guided,,0,True,True,False,True
synthetic_10_courses_06.json,small,D,greedy,2,2,1,31,8,0.1068768000113777,8,,,trajectories\synthetic_10_courses_06.json__D__greedy__seed2__run2.json,1,guided,,0,True,True,False,True
synthetic_10_courses_06.json,small,D,greedy,3,3,1,31,8,0.0953886000206694,8,,,trajectories\synthetic_10_courses_06.json__D__greedy__seed3__run3.json,1,guided,,0,True,True,False,True
synthetic_10_courses_06.json,small,D,greedy,4,4,1,31,8,0.1205009999976027,8,,,trajectories\synthetic_10_courses_06.json__D__greedy__seed4__run4.json,1,guided,,0,True,True,False,True
synthetic_10_courses_06.json,small,D,greedy,5,5,1,31,8,0.0955606999923475,8,,,trajectories\synthetic_10_courses_06.json__D__greedy__seed5__run5.json,1,guided,,0,True,True,False,True
synthetic_10_courses_06.json,small,D,a_star,1,1,1,31,8,0.0849990999849978,8,,,trajectories\synthetic_10_courses_06.json__D__a_star__seed1__run1.json,1,guided,,0,True,True,False,True
synthetic_10_courses_06.json,small,D,a_star,2,2,1,31,8,0.0848224000073969,8,,,trajectories\synthetic_10_courses_06.json__D__a_star__seed2__run2.json,1,guided,,0,True,True,False,True
synthetic_10_courses_06.json,small,D,a_star,3,3,1,31,8,0.090838200005237,8,,,trajectories\synthetic_10_courses_06.json__D__a_star__seed3__run3.json,1,guided,,0,True,True,False,True
synthetic_10_courses_06.json,small,D,a_star,4,4,1,31,8,0.0884324999933596,8,,,trajectories\synthetic_10_courses_06.json__D__a_star__seed4__run4.json,1,guided,,0,True,True,False,True
synthetic_10_courses_06.json,small,D,a_star,5,5,1,31,8,0.0920975000190083,8,,,trajectories\synthetic_10_courses_06.json__D__a_star__seed5__run5.json,1,guided,,0,True,True,False,True
synthetic_10_courses_06.json,small,D,exact_small,1,1,1,31,8,0.1001589999941643,8,,,trajectories\synthetic_10_courses_06.json__D__exact_small__seed1__run1.json,1,guided,,0,True,True,False,True
synthetic_10_courses_06.json,small,D,exact_small,2,2,1,31,8,0.0863956999965012,8,,,trajectories\synthetic_10_courses_06.json__D__exact_small__seed2__run2.json,1,guided,,0,True,True,False,True
synthetic_10_courses_06.json,small,D,exact_small,3,3,1,31,8,0.0878519999969285,8,,,trajectories\synthetic_10_courses_06.json__D__exact_small__seed3__run3.json,1,guided,,0,True,True,False,True
synthetic_10_courses_06.json,small,D,exact_small,4,4,1,31,8,0.0866650000098161,8,,,trajectories\synthetic_10_courses_06.json__D__exact_small__seed4__run4.json,1,guided,,0,True,True,False,True
synthetic_10_courses_06.json,small,D,exact_small,5,5,1,31,8,0.0950313000066671,8,,,trajectories\synthetic_10_courses_06.json__D__exact_small__seed5__run5.json,1,guided,,0,True,True,False,True
synthetic_10_courses_07.json,small,A,greedy,1,1,1,25,8,0.0001999999803956,0,,,trajectories\synthetic_10_courses_07.json__A__greedy__seed1__run1.json,1,oracle,,0,True,True,False,False
synthetic_10_courses_07.json,small,A,greedy,2,2,1,25,8,0.0001285000180359,0,,,trajectories\synthetic_10_courses_07.json__A__greedy__seed2__run2.json,1,oracle,,0,True,True,False,False
synthetic_10_courses_07.json,small,A,greedy,3,3,1,25,8,0.0001894999877549,0,,,trajectories\synthetic_10_courses_07.json__A__greedy__seed3__run3.json,1,oracle,,0,True,True,False,False
synthetic_10_courses_07.json,small,A,greedy,4,4,1,25,8,0.0001875000016298,0,,,trajectories\synthetic_10_courses_07.json__A__greedy__seed4__run4.json,1,oracle,,0,True,True,False,False
synthetic_10_courses_07.json,small,A,greedy,5,5,1,25,8,0.0001840000040829,0,,,trajectories\synthetic_10_courses_07.json__A__greedy__seed5__run5.json,1,oracle,,0,True,True,False,False
synthetic_10_courses_07.json,small,A,a_star,1,1,1,20,6,0.0069720999745186,0,,,trajectories\synthetic_10_courses_07.json__A__a_star__seed1__run1.json,1,oracle,,0,True,True,False,False
synthetic_10_courses_07.json,small,A,a_star,2,2,1,20,6,0.0073045000026468,0,,,trajectories\synthetic_10_courses_07.json__A__a_star__seed2__run2.json,1,oracle,,0,True,True,False,False
synthetic_10_courses_07.json,small,A,a_star,3,3,1,20,6,0.0041051000007428,0,,,trajectories\synthetic_10_courses_07.json__A__a_star__seed3__run3.json,1,oracle,,0,True,True,False,False
synthetic_10_courses_07.json,small,A,a_star,4,4,1,20,6,0.0041932000021915,0,,,trajectories\synthetic_10_courses_07.json__A__a_star__seed4__run4.json,1,oracle,,0,True,True,False,False
synthetic_10_courses_07.json,small,A,a_star,5,5,1,20,6,0.006485000019893,0,,,trajectories\synthetic_10_courses_07.json__A__a_star__seed5__run5.json,1,oracle,,0,True,True,False,False
synthetic_10_courses_07.json,small,A,exact_small,1,1,1,20,6,0.001815900002839,0,,,trajectories\synthetic_10_courses_07.json__A__exact_small__seed1__run1.json,1,oracle,,0,True,True,False,False
synthetic_10_courses_07.json,small,A,exact_small,2,2,1,20,6,0.0019768999773077,0,,,trajectories\synthetic_10_courses_07.json__A__exact_small__seed2__run2.json,1,oracle,,0,True,True,False,False
synthetic_10_courses_07.json,small,A,exact_small,3,3,1,20,6,0.0023098999809008,0,,,trajectories\synthetic_10_courses_07.json__A__exact_small__seed3__run3.json,1,oracle,,0,True,True,False,False
synthetic_10_courses_07.json,small,A,exact_small,4,4,1,20,6,0.0019189000013284,0,,,trajectories\synthetic_10_courses_07.json__A__exact_small__seed4__run4.json,1,oracle,,0,True,True,False,False
synthetic_10_courses_07.json,small,A,exact_small,5,5,1,20,6,0.0020152000070083,0,,,trajectories\synthetic_10_courses_07.json__A__exact_small__seed5__run5.json,1,oracle,,0,True,True,False,False
synthetic_10_courses_07.json,small,B,greedy,1,1,1,25,8,0.0001352000108454,1,,,trajectories\synthetic_10_courses_07.json__B__greedy__seed1__run1.json,1,auto,,0,True,True,False,True
synthetic_10_courses_07.json,small,B,greedy,2,2,1,25,8,0.0001589000166859,1,,,trajectories\synthetic_10_courses_07.json__B__greedy__seed2__run2.json,1,auto,,0,True,True,False,True
synthetic_10_courses_07.json,small,B,greedy,3,3,1,25,8,0.0001240999845322,1,,,trajectories\synthetic_10_courses_07.json__B__greedy__seed3__run3.json,1,auto,,0,True,True,False,True
synthetic_10_courses_07.json,small,B,greedy,4,4,1,25,8,0.0001271000073757,1,,,trajectories\synthetic_10_courses_07.json__B__greedy__seed4__run4.json,1,auto,,0,True,True,False,True
synthetic_10_courses_07.json,small,B,greedy,5,5,1,25,8,0.0001238999830093,1,,,trajectories\synthetic_10_courses_07.json__B__greedy__seed5__run5.json,1,auto,,0,True,True,False,True
synthetic_10_courses_07.json,small,B,a_star,1,1,1,20,6,0.0044600999972317,1,,,trajectories\synthetic_10_courses_07.json__B__a_star__seed1__run1.json,1,auto,,0,True,True,False,True
synthetic_10_courses_07.json,small,B,a_star,2,2,1,20,6,0.0036607999936677,1,,,trajectories\synthetic_10_courses_07.json__B__a_star__seed2__run2.json,1,auto,,0,True,True,False,True
synthetic_10_courses_07.json,small,B,a_star,3,3,1,20,6,0.0039189999806694,1,,,trajectories\synthetic_10_courses_07.json__B__a_star__seed3__run3.json,1,auto,,0,True,True,False,True
synthetic_10_courses_07.json,small,B,a_star,4,4,1,20,6,0.0037782000144943,1,,,trajectories\synthetic_10_courses_07.json__B__a_star__seed4__run4.json,1,auto,,0,True,True,False,True
synthetic_10_courses_07.json,small,B,a_star,5,5,1,20,6,0.0040707999723963,1,,,trajectories\synthetic_10_courses_07.json__B__a_star__seed5__run5.json,1,auto,,0,True,True,False,True
synthetic_10_courses_07.json,small,B,exact_small,1,1,1,20,6,0.0017675999843049,1,,,trajectories\synthetic_10_courses_07.json__B__exact_small__seed1__run1.json,1,auto,,0,True,True,False,True
synthetic_10_courses_07.json,small,B,exact_small,2,2,1,20,6,0.0021007999894209,1,,,trajectories\synthetic_10_courses_07.json__B__exact_small__seed2__run2.json,1,auto,,0,True,True,False,True
synthetic_10_courses_07.json,small,B,exact_small,3,3,1,20,6,0.002105899999151,1,,,trajectories\synthetic_10_courses_07.json__B__exact_small__seed3__run3.json,1,auto,,0,True,True,False,True
synthetic_10_courses_07.json,small,B,exact_small,4,4,1,20,6,0.0020946000004187,1,,,trajectories\synthetic_10_courses_07.json__B__exact_small__seed4__run4.json,1,auto,,0,True,True,False,True
synthetic_10_courses_07.json,small,B,exact_small,5,5,1,20,6,0.0024574999988544,1,,,trajectories\synthetic_10_courses_07.json__B__exact_small__seed5__run5.json,1,auto,,0,True,True,False,True
synthetic_10_courses_07.json,small,C,greedy,1,1,1,25,8,0.0001915000029839,1,8.4,0.75,trajectories\synthetic_10_courses_07.json__C__greedy__seed1__run1.json,1,guided,,0,True,True,True,True
synthetic_10_courses_07.json,small,C,greedy,2,2,1,25,8,8.759999764151871e-05,1,8.4,0.75,trajectories\synthetic_10_courses_07.json__C__greedy__seed2__run2.json,1,guided,,0,True,True,True,True
synthetic_10_courses_07.json,small,C,greedy,3,3,1,25,8,8.520000847056508e-05,1,8.4,0.75,trajectories\synthetic_10_courses_07.json__C__greedy__seed3__run3.json,1,guided,,0,True,True,True,True
synthetic_10_courses_07.json,small,C,greedy,4,4,1,25,8,8.090000483207405e-05,1,8.4,0.75,trajectories\synthetic_10_courses_07.json__C__greedy__seed4__run4.json,1,guided,,0,True,True,True,True
synthetic_10_courses_07.json,small,C,greedy,5,5,1,25,8,0.0001562999968882,1,8.4,0.75,trajectories\synthetic_10_courses_07.json__C__greedy__seed5__run5.json,1,guided,,0,True,True,True,True
synthetic_10_courses_07.json,small,C,a_star,1,1,1,20,6,0.0020413000020198,1,8.8,0.4,trajectories\synthetic_10_courses_07.json__C__a_star__seed1__run1.json,1,guided,,0,True,True,True,True
synthetic_10_courses_07.json,small,C,a_star,2,2,1,20,6,0.0038484000251628,1,8.8,0.4,trajectories\synthetic_10_courses_07.json__C__a_star__seed2__run2.json,1,guided,,0,True,True,True,True
synthetic_10_courses_07.json,small,C,a_star,3,3,1,20,6,0.0043280000099912,1,8.8,0.7,trajectories\synthetic_10_courses_07.json__C__a_star__seed3__run3.json,1,guided,,0,True,True,True,True
synthetic_10_courses_07.json,small,C,a_star,4,4,1,20,6,0.0037546999810729,1,8.8,0.7,trajectories\synthetic_10_courses_07.json__C__a_star__seed4__run4.json,1,guided,,0,True,True,True,True
synthetic_10_courses_07.json,small,C,a_star,5,5,1,20,6,0.0059510999999474,1,8.8,0.4,trajectories\synthetic_10_courses_07.json__C__a_star__seed5__run5.json,1,guided,,0,True,True,True,True
synthetic_10_courses_07.json,small,C,exact_small,1,1,1,20,6,0.0021526000055018,1,8.8,0.7,trajectories\synthetic_10_courses_07.json__C__exact_small__seed1__run1.json,1,guided,,0,True,True,True,True
synthetic_10_courses_07.json,small,C,exact_small,2,2,1,20,6,0.002147999999579,1,8.8,0.7,trajectories\synthetic_10_courses_07.json__C__exact_small__seed2__run2.json,1,guided,,0,True,True,True,True
synthetic_10_courses_07.json,small,C,exact_small,3,3,1,20,6,0.0018506000051274,1,8.8,0.7,trajectories\synthetic_10_courses_07.json__C__exact_small__seed3__run3.json,1,guided,,0,True,True,True,True
synthetic_10_courses_07.json,small,C,exact_small,4,4,1,20,6,0.0021657999895978,1,8.8,0.7,trajectories\synthetic_10_courses_07.json__C__exact_small__seed4__run4.json,1,guided,,0,True,True,True,True
synthetic_10_courses_07.json,small,C,exact_small,5,5,1,20,6,0.0024180000182241,1,8.8,0.7,trajectories\synthetic_10_courses_07.json__C__exact_small__seed5__run5.json,1,guided,,0,True,True,True,True
synthetic_10_courses_07.json,small,D,greedy,1,1,1,29,9,165.1377969000023,9,,,trajectories\synthetic_10_courses_07.json__D__greedy__seed1__run1.json,1,guided,,0,True,True,False,True
synthetic_10_courses_07.json,small,D,greedy,2,2,1,29,9,0.1150514000037219,9,,,trajectories\synthetic_10_courses_07.json__D__greedy__seed2__run2.json,1,guided,,0,True,True,False,True
synthetic_10_courses_07.json,small,D,greedy,3,3,1,29,9,0.0947010999952908,9,,,trajectories\synthetic_10_courses_07.json__D__greedy__seed3__run3.json,1,guided,,0,True,True,False,True
synthetic_10_courses_07.json,small,D,greedy,4,4,1,29,9,0.0986481000145431,9,,,trajectories\synthetic_10_courses_07.json__D__greedy__seed4__run4.json,1,guided,,0,True,True,False,True
synthetic_10_courses_07.json,small,D,greedy,5,5,1,29,9,0.1186766999890096,9,,,trajectories\synthetic_10_courses_07.json__D__greedy__seed5__run5.json,1,guided,,0,True,True,False,True
synthetic_10_courses_07.json,small,D,a_star,1,1,1,29,9,0.0960389999963808,9,,,trajectories\synthetic_10_courses_07.json__D__a_star__seed1__run1.json,1,guided,,0,True,True,False,True
synthetic_10_courses_07.json,small,D,a_star,2,2,1,29,9,0.0935311999928671,9,,,trajectories\synthetic_10_courses_07.json__D__a_star__seed2__run2.json,1,guided,,0,True,True,False,True
synthetic_10_courses_07.json,small,D,a_star,3,3,1,29,9,0.0942090000025928,9,,,trajectories\synthetic_10_courses_07.json__D__a_star__seed3__run3.json,1,guided,,0,True,True,False,True
synthetic_10_courses_07.json,small,D,a_star,4,4,1,29,9,0.1159725000034086,9,,,trajectories\synthetic_10_courses_07.json__D__a_star__seed4__run4.json,1,guided,,0,True,True,False,True
synthetic_10_courses_07.json,small,D,a_star,5,5,1,29,9,0.0963063999952282,9,,,trajectories\synthetic_10_courses_07.json__D__a_star__seed5__run5.json,1,guided,,0,True,True,False,True
synthetic_10_courses_07.json,small,D,exact_small,1,1,1,29,9,0.1135127999878022,9,,,trajectories\synthetic_10_courses_07.json__D__exact_small__seed1__run1.json,1,guided,,0,True,True,False,True
synthetic_10_courses_07.json,small,D,exact_small,2,2,1,29,9,0.095860100002028,9,,,trajectories\synthetic_10_courses_07.json__D__exact_small__seed2__run2.json,1,guided,,0,True,True,False,True
synthetic_10_courses_07.json,small,D,exact_small,3,3,1,29,9,0.093483999982709,9,,,trajectories\synthetic_10_courses_07.json__D__exact_small__seed3__run3.json,1,guided,,0,True,True,False,True
synthetic_10_courses_07.json,small,D,exact_small,4,4,1,29,9,0.0945594000222627,9,,,trajectories\synthetic_10_courses_07.json__D__exact_small__seed4__run4.json,1,guided,,0,True,True,False,True
synthetic_10_courses_07.json,small,D,exact_small,5,5,1,29,9,0.0949663000064902,9,,,trajectories\synthetic_10_courses_07.json__D__exact_small__seed5__run5.json,1,guided,,0,True,True,False,True
synthetic_10_courses_08.json,small,A,greedy,1,1,0,17,6,0.000119900010759,0,,,trajectories\synthetic_10_courses_08.json__A__greedy__seed1__run1.json,0,oracle,,0,True,False,False,False
synthetic_10_courses_08.json,small,A,greedy,2,2,0,17,6,0.0002323000226169,0,,,trajectories\synthetic_10_courses_08.json__A__greedy__seed2__run2.json,0,oracle,,0,True,False,False,False
synthetic_10_courses_08.json,small,A,greedy,3,3,0,17,6,0.0001192000054288,0,,,trajectories\synthetic_10_courses_08.json__A__greedy__seed3__run3.json,0,oracle,,0,True,False,False,False
synthetic_10_courses_08.json,small,A,greedy,4,4,0,17,6,0.0001186000008601,0,,,trajectories\synthetic_10_courses_08.json__A__greedy__seed4__run4.json,0,oracle,,0,True,False,False,False
synthetic_10_courses_08.json,small,A,greedy,5,5,0,17,6,0.0001172999909613,0,,,trajectories\synthetic_10_courses_08.json__A__greedy__seed5__run5.json,0,oracle,,0,True,False,False,False
synthetic_10_courses_08.json,small,A,a_star,1,1,1,21,6,0.0091433000052347,0,,,trajectories\synthetic_10_courses_08.json__A__a_star__seed1__run1.json,1,oracle,,0,True,True,False,False
synthetic_10_courses_08.json,small,A,a_star,2,2,1,21,6,0.0070892999938223,0,,,trajectories\synthetic_10_courses_08.json__A__a_star__seed2__run2.json,1,oracle,,0,True,True,False,False
synthetic_10_courses_08.json,small,A,a_star,3,3,1,21,6,0.0068188000004738,0,,,trajectories\synthetic_10_courses_08.json__A__a_star__seed3__run3.json,1,oracle,,0,True,True,False,False
synthetic_10_courses_08.json,small,A,a_star,4,4,1,21,6,0.0074744999874383,0,,,trajectories\synthetic_10_courses_08.json__A__a_star__seed4__run4.json,1,oracle,,0,True,True,False,False
synthetic_10_courses_08.json,small,A,a_star,5,5,1,21,6,0.0071815999981481,0,,,trajectories\synthetic_10_courses_08.json__A__a_star__seed5__run5.json,1,oracle,,0,True,True,False,False
synthetic_10_courses_08.json,small,A,exact_small,1,1,1,21,6,0.0035380000190343,0,,,trajectories\synthetic_10_courses_08.json__A__exact_small__seed1__run1.json,1,oracle,,0,True,True,False,False
synthetic_10_courses_08.json,small,A,exact_small,2,2,1,21,6,0.003451299999142,0,,,trajectories\synthetic_10_courses_08.json__A__exact_small__seed2__run2.json,1,oracle,,0,True,True,False,False
synthetic_10_courses_08.json,small,A,exact_small,3,3,1,21,6,0.0038419000047724,0,,,trajectories\synthetic_10_courses_08.json__A__exact_small__seed3__run3.json,1,oracle,,0,True,True,False,False
synthetic_10_courses_08.json,small,A,exact_small,4,4,1,21,6,0.0040486000070814,0,,,trajectories\synthetic_10_courses_08.json__A__exact_small__seed4__run4.json,1,oracle,,0,True,True,False,False
synthetic_10_courses_08.json,small,A,exact_small,5,5,1,21,6,0.0034856999991461,0,,,trajectories\synthetic_10_courses_08.json__A__exact_small__seed5__run5.json,1,oracle,,0,True,True,False,False
synthetic_10_courses_08.json,small,B,greedy,1,1,0,17,6,5.910001345910132e-05,1,,,trajectories\synthetic_10_courses_08.json__B__greedy__seed1__run1.json,0,auto,,0,True,False,False,True
synthetic_10_courses_08.json,small,B,greedy,2,2,0,17,6,8.860000525601208e-05,1,,,trajectories\synthetic_10_courses_08.json__B__greedy__seed2__run2.json,0,auto,,0,True,False,False,True
synthetic_10_courses_08.json,small,B,greedy,3,3,0,17,6,7.869998808018863e-05,1,,,trajectories\synthetic_10_courses_08.json__B__greedy__seed3__run3.json,0,auto,,0,True,False,False,True
synthetic_10_courses_08.json,small,B,greedy,4,4,0,17,6,8.939998224377632e-05,1,,,trajectories\synthetic_10_courses_08.json__B__greedy__seed4__run4.json,0,auto,,0,True,False,False,True
synthetic_10_courses_08.json,small,B,greedy,5,5,0,17,6,9.089999366551638e-05,1,,,trajectories\synthetic_10_courses_08.json__B__greedy__seed5__run5.json,0,auto,,0,True,False,False,True
synthetic_10_courses_08.json,small,B,a_star,1,1,1,21,6,0.003063900017878,1,,,trajectories\synthetic_10_courses_08.json__B__a_star__seed1__run1.json,1,auto,,0,True,True,False,True
synthetic_10_courses_08.json,small,B,a_star,2,2,1,21,6,0.0038340000028256,1,,,trajectories\synthetic_10_courses_08.json__B__a_star__seed2__run2.json,1,auto,,0,True,True,False,True
synthetic_10_courses_08.json,small,B,a_star,3,3,1,21,6,0.0030815999780315,1,,,trajectories\synthetic_10_courses_08.json__B__a_star__seed3__run3.json,1,auto,,0,True,True,False,True
synthetic_10_courses_08.json,small,B,a_star,4,4,1,21,6,0.0029563999851234,1,,,trajectories\synthetic_10_courses_08.json__B__a_star__seed4__run4.json,1,auto,,0,True,True,False,True
synthetic_10_courses_08.json,small,B,a_star,5,5,1,21,6,0.0042780000076163,1,,,trajectories\synthetic_10_courses_08.json__B__a_star__seed5__run5.json,1,auto,,0,True,True,False,True
synthetic_10_courses_08.json,small,B,exact_small,1,1,1,21,6,0.0015206999960355,1,,,trajectories\synthetic_10_courses_08.json__B__exact_small__seed1__run1.json,1,auto,,0,True,True,False,True
synthetic_10_courses_08.json,small,B,exact_small,2,2,1,21,6,0.0019407999934628,1,,,trajectories\synthetic_10_courses_08.json__B__exact_small__seed2__run2.json,1,auto,,0,True,True,False,True
synthetic_10_courses_08.json,small,B,exact_small,3,3,1,21,6,0.0014997000107541,1,,,trajectories\synthetic_10_courses_08.json__B__exact_small__seed3__run3.json,1,auto,,0,True,True,False,True
synthetic_10_courses_08.json,small,B,exact_small,4,4,1,21,6,0.0013359999866224,1,,,trajectories\synthetic_10_courses_08.json__B__exact_small__seed4__run4.json,1,auto,,0,True,True,False,True
synthetic_10_courses_08.json,small,B,exact_small,5,5,1,21,6,0.0015570000105071,1,,,trajectories\synthetic_10_courses_08.json__B__exact_small__seed5__run5.json,1,auto,,0,True,True,False,True
synthetic_10_courses_08.json,small,C,greedy,1,1,0,17,6,6.739998934790492e-05,0,,,trajectories\synthetic_10_courses_08.json__C__greedy__seed1__run1.json,0,guided,,0,True,False,False,True
synthetic_10_courses_08.json,small,C,greedy,2,2,0,17,6,7.249999907799065e-05,0,,,trajectories\synthetic_10_courses_08.json__C__greedy__seed2__run2.json,0,guided,,0,True,False,False,True
synthetic_10_courses_08.json,small,C,greedy,3,3,0,17,6,0.0001082999806385,0,,,trajectories\synthetic_10_courses_08.json__C__greedy__seed3__run3.json,0,guided,,0,True,False,False,True
synthetic_10_courses_08.json,small,C,greedy,4,4,0,17,6,8.670001989230514e-05,0,,,trajectories\synthetic_10_courses_08.json__C__greedy__seed4__run4.json,0,guided,,0,True,False,False,True
synthetic_10_courses_08.json,small,C,greedy,5,5,0,17,6,6.160000339150429e-05,0,,,trajectories\synthetic_10_courses_08.json__C__greedy__seed5__run5.json,0,guided,,0,True,False,False,True
synthetic_10_courses_08.json,small,C,a_star,1,1,1,21,6,0.0033825999998953,1,8.8,0.75,trajectories\synthetic_10_courses_08.json__C__a_star__seed1__run1.json,1,guided,,0,True,True,True,True
synthetic_10_courses_08.json,small,C,a_star,2,2,1,21,6,0.0144308999879285,1,8.8,0.75,trajectories\synthetic_10_courses_08.json__C__a_star__seed2__run2.json,1,guided,,0,True,True,True,True
synthetic_10_courses_08.json,small,C,a_star,3,3,1,21,6,0.008241099974839,1,8.8,0.75,trajectories\synthetic_10_courses_08.json__C__a_star__seed3__run3.json,1,guided,,0,True,True,True,True
synthetic_10_courses_08.json,small,C,a_star,4,4,1,21,6,0.0070766999851912,1,8.8,0.75,trajectories\synthetic_10_courses_08.json__C__a_star__seed4__run4.json,1,guided,,0,True,True,True,True
synthetic_10_courses_08.json,small,C,a_star,5,5,1,21,6,0.008189999993192,1,8.8,0.75,trajectories\synthetic_10_courses_08.json__C__a_star__seed5__run5.json,1,guided,,0,True,True,True,True
synthetic_10_courses_08.json,small,C,exact_small,1,1,1,21,6,0.0035157999955117,1,8.8,,trajectories\synthetic_10_courses_08.json__C__exact_small__seed1__run1.json,1,guided,,0,True,True,False,True
synthetic_10_courses_08.json,small,C,exact_small,2,2,1,21,6,0.0033876000088639,1,8.8,,trajectories\synthetic_10_courses_08.json__C__exact_small__seed2__run2.json,1,guided,,0,True,True,False,True
synthetic_10_courses_08.json,small,C,exact_small,3,3,1,21,6,0.0032999999821186,1,8.8,,trajectories\synthetic_10_courses_08.json__C__exact_small__seed3__run3.json,1,guided,,0,True,True,False,True
synthetic_10_courses_08.json,small,C,exact_small,4,4,1,21,6,0.0041130000026896,1,8.8,,trajectories\synthetic_10_courses_08.json__C__exact_small__seed4__run4.json,1,guided,,0,True,True,False,True
synthetic_10_courses_08.json,small,C,exact_small,5,5,1,21,6,0.0048338999913539,1,8.8,,trajectories\synthetic_10_courses_08.json__C__exact_small__seed5__run5.json,1,guided,,0,True,True,False,True
synthetic_10_courses_08.json,small,D,greedy,1,1,1,30,10,190.68669500001124,10,,,trajectories\synthetic_10_courses_08.json__D__greedy__seed1__run1.json,1,guided,,0,True,True,False,True
synthetic_10_courses_08.json,small,D,greedy,2,2,1,30,10,0.14814789997763,10,,,trajectories\synthetic_10_courses_08.json__D__greedy__seed2__run2.json,1,guided,,0,True,True,False,True
synthetic_10_courses_08.json,small,D,greedy,3,3,1,30,10,0.1141516999923624,10,,,trajectories\synthetic_10_courses_08.json__D__greedy__seed3__run3.json,1,guided,,0,True,True,False,True
synthetic_10_courses_08.json,small,D,greedy,4,4,1,30,10,0.1164198000042233,10,,,trajectories\synthetic_10_courses_08.json__D__greedy__seed4__run4.json,1,guided,,0,True,True,False,True
synthetic_10_courses_08.json,small,D,greedy,5,5,1,30,10,0.1431063000054564,10,,,trajectories\synthetic_10_courses_08.json__D__greedy__seed5__run5.json,1,guided,,0,True,True,False,True
synthetic_10_courses_08.json,small,D,a_star,1,1,1,30,10,0.1165009999822359,10,,,trajectories\synthetic_10_courses_08.json__D__a_star__seed1__run1.json,1,guided,,0,True,True,False,True
synthetic_10_courses_08.json,small,D,a_star,2,2,1,30,10,0.1172326999949291,10,,,trajectories\synthetic_10_courses_08.json__D__a_star__seed2__run2.json,1,guided,,0,True,True,False,True
synthetic_10_courses_08.json,small,D,a_star,3,3,1,30,10,0.1169446000130847,10,,,trajectories\synthetic_10_courses_08.json__D__a_star__seed3__run3.json,1,guided,,0,True,True,False,True
synthetic_10_courses_08.json,small,D,a_star,4,4,1,30,10,0.1176612999988719,10,,,trajectories\synthetic_10_courses_08.json__D__a_star__seed4__run4.json,1,guided,,0,True,True,False,True
synthetic_10_courses_08.json,small,D,a_star,5,5,1,30,10,0.1294490000000223,10,,,trajectories\synthetic_10_courses_08.json__D__a_star__seed5__run5.json,1,guided,,0,True,True,False,True
synthetic_10_courses_08.json,small,D,exact_small,1,1,1,30,10,0.1348882000020239,10,,,trajectories\synthetic_10_courses_08.json__D__exact_small__seed1__run1.json,1,guided,,0,True,True,False,True
synthetic_10_courses_08.json,small,D,exact_small,2,2,1,30,10,0.1168406000069808,10,,,trajectories\synthetic_10_courses_08.json__D__exact_small__seed2__run2.json,1,guided,,0,True,True,False,True
synthetic_10_courses_08.json,small,D,exact_small,3,3,1,30,10,0.1108651000249665,10,,,trajectories\synthetic_10_courses_08.json__D__exact_small__seed3__run3.json,1,guided,,0,True,True,False,True
synthetic_10_courses_08.json,small,D,exact_small,4,4,1,30,10,0.0543569999863393,10,,,trajectories\synthetic_10_courses_08.json__D__exact_small__seed4__run4.json,1,guided,,0,True,True,False,True
synthetic_10_courses_08.json,small,D,exact_small,5,5,1,30,10,0.0555014999990817,10,,,trajectories\synthetic_10_courses_08.json__D__exact_small__seed5__run5.json,1,guided,,0,True,True,False,True
synthetic_10_courses_09.json,small,A,greedy,1,1,1,22,7,4.6999979531392455e-05,0,,,trajectories\synthetic_10_courses_09.json__A__greedy__seed1__run1.json,1,oracle,,0,True,True,False,False
synthetic_10_courses_09.json,small,A,greedy,2,2,1,22,7,5.070000770501792e-05,0,,,trajectories\synthetic_10_courses_09.json__A__greedy__seed2__run2.json,1,oracle,,0,True,True,False,False
synthetic_10_courses_09.json,small,A,greedy,3,3,1,22,7,6.600000779144466e-05,0,,,trajectories\synthetic_10_courses_09.json__A__greedy__seed3__run3.json,1,oracle,,0,True,True,False,False
synthetic_10_courses_09.json,small,A,greedy,4,4,1,22,7,8.32000223454088e-05,0,,,trajectories\synthetic_10_courses_09.json__A__greedy__seed4__run4.json,1,oracle,,0,True,True,False,False
synthetic_10_courses_09.json,small,A,greedy,5,5,1,22,7,6.550000398419797e-05,0,,,trajectories\synthetic_10_courses_09.json__A__greedy__seed5__run5.json,1,oracle,,0,True,True,False,False
synthetic_10_courses_09.json,small,A,a_star,1,1,1,16,5,0.0002671999973244,0,,,trajectories\synthetic_10_courses_09.json__A__a_star__seed1__run1.json,1,oracle,,0,True,True,False,False
synthetic_10_courses_09.json,small,A,a_star,2,2,1,16,5,0.0002356000186409,0,,,trajectories\synthetic_10_courses_09.json__A__a_star__seed2__run2.json,1,oracle,,0,True,True,False,False
synthetic_10_courses_09.json,small,A,a_star,3,3,1,16,5,0.0002719999756664,0,,,trajectories\synthetic_10_courses_09.json__A__a_star__seed3__run3.json,1,oracle,,0,True,True,False,False
synthetic_10_courses_09.json,small,A,a_star,4,4,1,16,5,0.0002729000116232,0,,,trajectories\synthetic_10_courses_09.json__A__a_star__seed4__run4.json,1,oracle,,0,True,True,False,False
synthetic_10_courses_09.json,small,A,a_star,5,5,1,16,5,0.0002300000051036,0,,,trajectories\synthetic_10_courses_09.json__A__a_star__seed5__run5.json,1,oracle,,0,True,True,False,False
synthetic_10_courses_09.json,small,A,exact_small,1,1,1,16,5,0.0001072000013664,0,,,trajectories\synthetic_10_courses_09.json__A__exact_small__seed1__run1.json,1,oracle,,0,True,True,False,False
synthetic_10_courses_09.json,small,A,exact_small,2,2,1,16,5,0.0001052000152412,0,,,trajectories\synthetic_10_courses_09.json__A__exact_small__seed2__run2.json,1,oracle,,0,True,True,False,False
synthetic_10_courses_09.json,small,A,exact_small,3,3,1,16,5,9.529999806545676e-05,0,,,trajectories\synthetic_10_courses_09.json__A__exact_small__seed3__run3.json,1,oracle,,0,True,True,False,False
synthetic_10_courses_09.json,small,A,exact_small,4,4,1,16,5,7.730000652372837e-05,0,,,trajectories\synthetic_10_courses_09.json__A__exact_small__seed4__run4.json,1,oracle,,0,True,True,False,False
synthetic_10_courses_09.json,small,A,exact_small,5,5,1,16,5,0.0002047000161837,0,,,trajectories\synthetic_10_courses_09.json__A__exact_small__seed5__run5.json,1,oracle,,0,True,True,False,False
synthetic_10_courses_09.json,small,B,greedy,1,1,1,22,7,0.0001140999956987,1,,,trajectories\synthetic_10_courses_09.json__B__greedy__seed1__run1.json,1,auto,,0,True,True,False,True
synthetic_10_courses_09.json,small,B,greedy,2,2,1,22,7,0.0002158000133931,1,,,trajectories\synthetic_10_courses_09.json__B__greedy__seed2__run2.json,1,auto,,0,True,True,False,True
synthetic_10_courses_09.json,small,B,greedy,3,3,1,22,7,0.0001748999929986,1,,,trajectories\synthetic_10_courses_09.json__B__greedy__seed3__run3.json,1,auto,,0,True,True,False,True
synthetic_10_courses_09.json,small,B,greedy,4,4,1,22,7,0.0001088999852072,1,,,trajectories\synthetic_10_courses_09.json__B__greedy__seed4__run4.json,1,auto,,0,True,True,False,True
synthetic_10_courses_09.json,small,B,greedy,5,5,1,22,7,0.0001120000088121,1,,,trajectories\synthetic_10_courses_09.json__B__greedy__seed5__run5.json,1,auto,,0,True,True,False,True
synthetic_10_courses_09.json,small,B,a_star,1,1,1,16,5,0.0004492000152822,1,,,trajectories\synthetic_10_courses_09.json__B__a_star__seed1__run1.json,1,auto,,0,True,True,False,True
synthetic_10_courses_09.json,small,B,a_star,2,2,1,16,5,0.0005670000100508,1,,,trajectories\synthetic_10_courses_09.json__B__a_star__seed2__run2.json,1,auto,,0,True,True,False,True
synthetic_10_courses_09.json,small,B,a_star,3,3,1,16,5,0.0006929999799467,1,,,trajectories\synthetic_10_courses_09.json__B__a_star__seed3__run3.json,1,auto,,0,True,True,False,True
synthetic_10_courses_09.json,small,B,a_star,4,4,1,16,5,0.000570800009882,1,,,trajectories\synthetic_10_courses_09.json__B__a_star__seed4__run4.json,1,auto,,0,True,True,False,True
synthetic_10_courses_09.json,small,B,a_star,5,5,1,16,5,0.0006756999937351,1,,,trajectories\synthetic_10_courses_09.json__B__a_star__seed5__run5.json,1,auto,,0,True,True,False,True
synthetic_10_courses_09.json,small,B,exact_small,1,1,1,16,5,0.0002641000028233,1,,,trajectories\synthetic_10_courses_09.json__B__exact_small__seed1__run1.json,1,auto,,0,True,True,False,True
synthetic_10_courses_09.json,small,B,exact_small,2,2,1,16,5,0.0002391000161878,1,,,trajectories\synthetic_10_courses_09.json__B__exact_small__seed2__run2.json,1,auto,,0,True,True,False,True
synthetic_10_courses_09.json,small,B,exact_small,3,3,1,16,5,0.0001723000023048,1,,,trajectories\synthetic_10_courses_09.json__B__exact_small__seed3__run3.json,1,auto,,0,True,True,False,True
synthetic_10_courses_09.json,small,B,exact_small,4,4,1,16,5,0.0001722000015433,1,,,trajectories\synthetic_10_courses_09.json__B__exact_small__seed4__run4.json,1,auto,,0,True,True,False,True
synthetic_10_courses_09.json,small,B,exact_small,5,5,1,16,5,0.0002489000034984,1,,,trajectories\synthetic_10_courses_09.json__B__exact_small__seed5__run5.json,1,auto,,0,True,True,False,True
synthetic_10_courses_09.json,small,C,greedy,1,1,1,22,7,0.0001659999834373,1,8.600000000000001,0.6,trajectories\synthetic_10_courses_09.json__C__greedy__seed1__run1.json,1,guided,,0,True,True,True,True
synthetic_10_courses_09.json,small,C,greedy,2,2,1,22,7,0.0001088999852072,1,8.600000000000001,0.6,trajectories\synthetic_10_courses_09.json__C__greedy__seed2__run2.json,1,guided,,0,True,True,True,True
synthetic_10_courses_09.json,small,C,greedy,3,3,1,22,7,0.000106899999082,1,8.600000000000001,0.6,trajectories\synthetic_10_courses_09.json__C__greedy__seed3__run3.json,1,guided,,0,True,True,True,True
synthetic_10_courses_09.json,small,C,greedy,4,4,1,22,7,0.0003161999920848,1,8.600000000000001,0.6,trajectories\synthetic_10_courses_09.json__C__greedy__seed4__run4.json,1,guided,,0,True,True,True,True
synthetic_10_courses_09.json,small,C,greedy,5,5,1,22,7,0.0001086999836843,1,8.600000000000001,0.6,trajectories\synthetic_10_courses_09.json__C__greedy__seed5__run5.json,1,guided,,0,True,True,True,True
synthetic_10_courses_09.json,small,C,a_star,1,1,1,16,5,0.0004732000234071,1,9.0,0.6,trajectories\synthetic_10_courses_09.json__C__a_star__seed1__run1.json,1,guided,,0,True,True,True,True
synthetic_10_courses_09.json,small,C,a_star,2,2,1,16,5,0.0002702999918255,1,9.0,0.8,trajectories\synthetic_10_courses_09.json__C__a_star__seed2__run2.json,1,guided,,0,True,True,True,True
synthetic_10_courses_09.json,small,C,a_star,3,3,1,16,5,0.000752400024794,1,9.0,0.6,trajectories\synthetic_10_courses_09.json__C__a_star__seed3__run3.json,1,guided,,0,True,True,True,True
synthetic_10_courses_09.json,small,C,a_star,4,4,1,16,5,0.0005621000018436,1,9.0,0.6,trajectories\synthetic_10_courses_09.json__C__a_star__seed4__run4.json,1,guided,,0,True,True,True,True
synthetic_10_courses_09.json,small,C,a_star,5,5,1,16,5,0.0006462000019382,1,9.0,0.8,trajectories\synthetic_10_courses_09.json__C__a_star__seed5__run5.json,1,guided,,0,True,True,True,True
synthetic_10_courses_09.json,small,C,exact_small,1,1,1,16,5,0.0002596999984234,1,9.0,0.6,trajectories\synthetic_10_courses_09.json__C__exact_small__seed1__run1.json,1,guided,,0,True,True,True,True
synthetic_10_courses_09.json,small,C,exact_small,2,2,1,16,5,0.0002619999868329,1,9.0,0.6,trajectories\synthetic_10_courses_09.json__C__exact_small__seed2__run2.json,1,guided,,0,True,True,True,True
synthetic_10_courses_09.json,small,C,exact_small,3,3,1,16,5,0.0001682000001892,1,9.0,0.6,trajectories\synthetic_10_courses_09.json__C__exact_small__seed3__run3.json,1,guided,,0,True,True,True,True
synthetic_10_courses_09.json,small,C,exact_small,4,4,1,16,5,0.0001723000023048,1,9.0,0.6,trajectories\synthetic_10_courses_09.json__C__exact_small__seed4__run4.json,1,guided,,0,True,True,True,True
synthetic_10_courses_09.json,small,C,exact_small,5,5,1,16,5,0.0001680999994277,1,9.0,0.6,trajectories\synthetic_10_courses_09.json__C__exact_small__seed5__run5.json,1,guided,,0,True,True,True,True
synthetic_10_courses_09.json,small,D,greedy,1,1,1,24,7,129.63353130000178,7,,,trajectories\synthetic_10_courses_09.json__D__greedy__seed1__run1.json,1,guided,,0,True,True,False,True
synthetic_10_courses_09.json,small,D,greedy,2,2,1,24,7,0.0487248999997973,7,,,trajectories\synthetic_10_courses_09.json__D__greedy__seed2__run2.json,1,guided,,0,True,True,False,True
synthetic_10_courses_09.json,small,D,greedy,3,3,1,24,7,0.0386493999976664,7,,,trajectories\synthetic_10_courses_09.json__D__greedy__seed3__run3.json,1,guided,,0,True,True,False,True
synthetic_10_courses_09.json,small,D,greedy,4,4,1,24,7,0.0408160999941173,7,,,trajectories\synthetic_10_courses_09.json__D__greedy__seed4__run4.json,1,guided,,0,True,True,False,True
synthetic_10_courses_09.json,small,D,greedy,5,5,1,24,7,0.0514395000063814,7,,,trajectories\synthetic_10_courses_09.json__D__greedy__seed5__run5.json,1,guided,,0,True,True,False,True
synthetic_10_courses_09.json,small,D,a_star,1,1,1,24,7,0.0393167000147514,7,,,trajectories\synthetic_10_courses_09.json__D__a_star__seed1__run1.json,1,guided,,0,True,True,False,True
synthetic_10_courses_09.json,small,D,a_star,2,2,1,24,7,0.0406994000077247,7,,,trajectories\synthetic_10_courses_09.json__D__a_star__seed2__run2.json,1,guided,,0,True,True,False,True
synthetic_10_courses_09.json,small,D,a_star,3,3,1,24,7,0.0373843999987002,7,,,trajectories\synthetic_10_courses_09.json__D__a_star__seed3__run3.json,1,guided,,0,True,True,False,True
synthetic_10_courses_09.json,small,D,a_star,4,4,1,24,7,0.0373783999821171,7,,,trajectories\synthetic_10_courses_09.json__D__a_star__seed4__run4.json,1,guided,,0,True,True,False,True
synthetic_10_courses_09.json,small,D,a_star,5,5,1,24,7,0.0399205999856349,7,,,trajectories\synthetic_10_courses_09.json__D__a_star__seed5__run5.json,1,guided,,0,True,True,False,True
synthetic_10_courses_09.json,small,D,exact_small,1,1,1,24,7,0.0711636999913025,7,,,trajectories\synthetic_10_courses_09.json__D__exact_small__seed1__run1.json,1,guided,,0,True,True,False,True
synthetic_10_courses_09.json,small,D,exact_small,2,2,1,24,7,0.1054432999808341,7,,,trajectories\synthetic_10_courses_09.json__D__exact_small__seed2__run2.json,1,guided,,0,True,True,False,True
synthetic_10_courses_09.json,small,D,exact_small,3,3,1,24,7,0.0936663000029511,7,,,trajectories\synthetic_10_courses_09.json__D__exact_small__seed3__run3.json,1,guided,,0,True,True,False,True
synthetic_10_courses_09.json,small,D,exact_small,4,4,1,24,7,0.0781897000269964,7,,,trajectories\synthetic_10_courses_09.json__D__exact_small__seed4__run4.json,1,guided,,0,True,True,False,True
synthetic_10_courses_09.json,small,D,exact_small,5,5,1,24,7,0.0777688000234775,7,,,trajectories\synthetic_10_courses_09.json__D__exact_small__seed5__run5.json,1,guided,,0,True,True,False,True
synthetic_10_courses_10.json,small,A,greedy,1,1,1,15,4,8.32000223454088e-05,0,,,trajectories\synthetic_10_courses_10.json__A__greedy__seed1__run1.json,1,oracle,,0,True,True,False,False
synthetic_10_courses_10.json,small,A,greedy,2,2,1,15,4,8.250001701526344e-05,0,,,trajectories\synthetic_10_courses_10.json__A__greedy__seed2__run2.json,1,oracle,,0,True,True,False,False
synthetic_10_courses_10.json,small,A,greedy,3,3,1,15,4,0.0001208999892696,0,,,trajectories\synthetic_10_courses_10.json__A__greedy__seed3__run3.json,1,oracle,,0,True,True,False,False
synthetic_10_courses_10.json,small,A,greedy,4,4,1,15,4,0.0001056999899446,0,,,trajectories\synthetic_10_courses_10.json__A__greedy__seed4__run4.json,1,oracle,,0,True,True,False,False
synthetic_10_courses_10.json,small,A,greedy,5,5,1,15,4,8.679999154992402e-05,0,,,trajectories\synthetic_10_courses_10.json__A__greedy__seed5__run5.json,1,oracle,,0,True,True,False,False
synthetic_10_courses_10.json,small,A,a_star,1,1,1,15,4,0.0009689999860711,0,,,trajectories\synthetic_10_courses_10.json__A__a_star__seed1__run1.json,1,oracle,,0,True,True,False,False
synthetic_10_courses_10.json,small,A,a_star,2,2,1,15,4,0.0009521000029053,0,,,trajectories\synthetic_10_courses_10.json__A__a_star__seed2__run2.json,1,oracle,,0,True,True,False,False
synthetic_10_courses_10.json,small,A,a_star,3,3,1,15,4,0.0015219000051729,0,,,trajectories\synthetic_10_courses_10.json__A__a_star__seed3__run3.json,1,oracle,,0,True,True,False,False
synthetic_10_courses_10.json,small,A,a_star,4,4,1,15,4,0.0010180999815929,0,,,trajectories\synthetic_10_courses_10.json__A__a_star__seed4__run4.json,1,oracle,,0,True,True,False,False
synthetic_10_courses_10.json,small,A,a_star,5,5,1,15,4,0.0009552999981679,0,,,trajectories\synthetic_10_courses_10.json__A__a_star__seed5__run5.json,1,oracle,,0,True,True,False,False
synthetic_10_courses_10.json,small,A,exact_small,1,1,1,15,4,0.0006799999973736,0,,,trajectories\synthetic_10_courses_10.json__A__exact_small__seed1__run1.json,1,oracle,,0,True,True,False,False
synthetic_10_courses_10.json,small,A,exact_small,2,2,1,15,4,0.0006232000014279,0,,,trajectories\synthetic_10_courses_10.json__A__exact_small__seed2__run2.json,1,oracle,,0,True,True,False,False
synthetic_10_courses_10.json,small,A,exact_small,3,3,1,15,4,0.0006089000089559,0,,,trajectories\synthetic_10_courses_10.json__A__exact_small__seed3__run3.json,1,oracle,,0,True,True,False,False
synthetic_10_courses_10.json,small,A,exact_small,4,4,1,15,4,0.0005959999980404,0,,,trajectories\synthetic_10_courses_10.json__A__exact_small__seed4__run4.json,1,oracle,,0,True,True,False,False
synthetic_10_courses_10.json,small,A,exact_small,5,5,1,15,4,0.0006789000181015,0,,,trajectories\synthetic_10_courses_10.json__A__exact_small__seed5__run5.json,1,oracle,,0,True,True,False,False
synthetic_10_courses_10.json,small,B,greedy,1,1,1,15,4,4.2400002712383866e-05,1,,,trajectories\synthetic_10_courses_10.json__B__greedy__seed1__run1.json,1,auto,,0,True,True,False,True
synthetic_10_courses_10.json,small,B,greedy,2,2,1,15,4,3.840000135824084e-05,1,,,trajectories\synthetic_10_courses_10.json__B__greedy__seed2__run2.json,1,auto,,0,True,True,False,True
synthetic_10_courses_10.json,small,B,greedy,3,3,1,15,4,5.709999823011458e-05,1,,,trajectories\synthetic_10_courses_10.json__B__greedy__seed3__run3.json,1,auto,,0,True,True,False,True
synthetic_10_courses_10.json,small,B,greedy,4,4,1,15,4,5.670002428814769e-05,1,,,trajectories\synthetic_10_courses_10.json__B__greedy__seed4__run4.json,1,auto,,0,True,True,False,True
synthetic_10_courses_10.json,small,B,greedy,5,5,1,15,4,7.139999070204794e-05,1,,,trajectories\synthetic_10_courses_10.json__B__greedy__seed5__run5.json,1,auto,,0,True,True,False,True
synthetic_10_courses_10.json,small,B,a_star,1,1,1,15,4,0.0007572000031359,1,,,trajectories\synthetic_10_courses_10.json__B__a_star__seed1__run1.json,1,auto,,0,True,True,False,True
synthetic_10_courses_10.json,small,B,a_star,2,2,1,15,4,0.0010137000062968,1,,,trajectories\synthetic_10_courses_10.json__B__a_star__seed2__run2.json,1,auto,,0,True,True,False,True
synthetic_10_courses_10.json,small,B,a_star,3,3,1,15,4,0.0004679999838117,1,,,trajectories\synthetic_10_courses_10.json__B__a_star__seed3__run3.json,1,auto,,0,True,True,False,True
synthetic_10_courses_10.json,small,B,a_star,4,4,1,15,4,0.0006473000103142,1,,,trajectories\synthetic_10_courses_10.json__B__a_star__seed4__run4.json,1,auto,,0,True,True,False,True
synthetic_10_courses_10.json,small,B,a_star,5,5,1,15,4,0.0004002999921794,1,,,trajectories\synthetic_10_courses_10.json__B__a_star__seed5__run5.json,1,auto,,0,True,True,False,True
synthetic_10_courses_10.json,small,B,exact_small,1,1,1,15,4,0.0003932999970857,1,,,trajectories\synthetic_10_courses_10.json__B__exact_small__seed1__run1.json,1,auto,,0,True,True,False,True
synthetic_10_courses_10.json,small,B,exact_small,2,2,1,15,4,0.0002078999823424,1,,,trajectories\synthetic_10_courses_10.json__B__exact_small__seed2__run2.json,1,auto,,0,True,True,False,True
synthetic_10_courses_10.json,small,B,exact_small,3,3,1,15,4,0.0002767000114545,1,,,trajectories\synthetic_10_courses_10.json__B__exact_small__seed3__run3.json,1,auto,,0,True,True,False,True
synthetic_10_courses_10.json,small,B,exact_small,4,4,1,15,4,0.000394500006223,1,,,trajectories\synthetic_10_courses_10.json__B__exact_small__seed4__run4.json,1,auto,,0,True,True,False,True
synthetic_10_courses_10.json,small,B,exact_small,5,5,1,15,4,0.0002507999888621,1,,,trajectories\synthetic_10_courses_10.json__B__exact_small__seed5__run5.json,1,auto,,0,True,True,False,True
synthetic_10_courses_10.json,small,C,greedy,1,1,1,15,4,9.860002319328488e-05,1,9.2,0.75,trajectories\synthetic_10_courses_10.json__C__greedy__seed1__run1.json,1,guided,,0,True,True,True,True
synthetic_10_courses_10.json,small,C,greedy,2,2,1,15,4,0.000123399979202,1,9.2,0.75,trajectories\synthetic_10_courses_10.json__C__greedy__seed2__run2.json,1,guided,,0,True,True,True,True
synthetic_10_courses_10.json,small,C,greedy,3,3,1,15,4,0.0001198000099975,1,9.2,0.75,trajectories\synthetic_10_courses_10.json__C__greedy__seed3__run3.json,1,guided,,0,True,True,True,True
synthetic_10_courses_10.json,small,C,greedy,4,4,1,15,4,8.629998774267733e-05,1,9.2,0.75,trajectories\synthetic_10_courses_10.json__C__greedy__seed4__run4.json,1,guided,,0,True,True,True,True
synthetic_10_courses_10.json,small,C,greedy,5,5,1,15,4,8.480000542476773e-05,1,9.2,0.75,trajectories\synthetic_10_courses_10.json__C__greedy__seed5__run5.json,1,guided,,0,True,True,True,True
synthetic_10_courses_10.json,small,C,a_star,1,1,1,15,4,0.0009601000056136,1,9.2,0.75,trajectories\synthetic_10_courses_10.json__C__a_star__seed1__run1.json,1,guided,,0,True,True,True,True
synthetic_10_courses_10.json,small,C,a_star,2,2,1,15,4,0.0011062999838031,1,9.2,0.75,trajectories\synthetic_10_courses_10.json__C__a_star__seed2__run2.json,1,guided,,0,True,True,True,True
synthetic_10_courses_10.json,small,C,a_star,3,3,1,15,4,0.0009770999895408,1,9.2,0.75,trajectories\synthetic_10_courses_10.json__C__a_star__seed3__run3.json,1,guided,,0,True,True,True,True
synthetic_10_courses_10.json,small,C,a_star,4,4,1,15,4,0.0010617999942041,1,9.2,0.75,trajectories\synthetic_10_courses_10.json__C__a_star__seed4__run4.json,1,guided,,0,True,True,True,True
synthetic_10_courses_10.json,small,C,a_star,5,5,1,15,4,0.0009561000042594,1,9.2,0.75,trajectories\synthetic_10_courses_10.json__C__a_star__seed5__run5.json,1,guided,,0,True,True,True,True
synthetic_10_courses_10.json,small,C,exact_small,1,1,1,15,4,0.0007917999755591,1,9.2,0.75,trajectories\synthetic_10_courses_10.json__C__exact_small__seed1__run1.json,1,guided,,0,True,True,True,True
synthetic_10_courses_10.json,small,C,exact_small,2,2,1,15,4,0.0005361999792512,1,9.2,0.75,trajectories\synthetic_10_courses_10.json__C__exact_small__seed2__run2.json,1,guided,,0,True,True,True,True
synthetic_10_courses_10.json,small,C,exact_small,3,3,1,15,4,0.0005026000144425,1,9.2,0.75,trajectories\synthetic_10_courses_10.json__C__exact_small__seed3__run3.json,1,guided,,0,True,True,True,True
synthetic_10_courses_10.json,small,C,exact_small,4,4,1,15,4,0.0004853999998886,1,9.2,0.75,trajectories\synthetic_10_courses_10.json__C__exact_small__seed4__run4.json,1,guided,,0,True,True,True,True
synthetic_10_courses_10.json,small,C,exact_small,5,5,1,15,4,0.0007951000006869,1,9.2,0.75,trajectories\synthetic_10_courses_10.json__C__exact_small__seed5__run5.json,1,guided,,0,True,True,True,True
synthetic_10_courses_10.json,small,D,greedy,1,1,1,15,4,80.42785059998278,4,,,trajectories\synthetic_10_courses_10.json__D__greedy__seed1__run1.json,1,guided,,0,True,True,False,True
synthetic_10_courses_10.json,small,D,greedy,2,2,1,15,4,0.0460773999802768,4,,,trajectories\synthetic_10_courses_10.json__D__greedy__seed2__run2.json,1,guided,,0,True,True,False,True
synthetic_10_courses_10.json,small,D,greedy,3,3,1,15,4,0.0248298000078648,4,,,trajectories\synthetic_10_courses_10.json__D__greedy__seed3__run3.json,1,guided,,0,True,True,False,True
synthetic_10_courses_10.json,small,D,greedy,4,4,1,15,4,0.0221464999776799,4,,,trajectories\synthetic_10_courses_10.json__D__greedy__seed4__run4.json,1,guided,,0,True,True,False,True
synthetic_10_courses_10.json,small,D,greedy,5,5,1,15,4,0.0237740000011399,4,,,trajectories\synthetic_10_courses_10.json__D__greedy__seed5__run5.json,1,guided,,0,True,True,False,True
synthetic_10_courses_10.json,small,D,a_star,1,1,1,15,4,0.0222126999869942,4,,,trajectories\synthetic_10_courses_10.json__D__a_star__seed1__run1.json,1,guided,,0,True,True,False,True
synthetic_10_courses_10.json,small,D,a_star,2,2,1,15,4,0.0233111999987158,4,,,trajectories\synthetic_10_courses_10.json__D__a_star__seed2__run2.json,1,guided,,0,True,True,False,True
synthetic_10_courses_10.json,small,D,a_star,3,3,1,15,4,0.0218152999877929,4,,,trajectories\synthetic_10_courses_10.json__D__a_star__seed3__run3.json,1,guided,,0,True,True,False,True
synthetic_10_courses_10.json,small,D,a_star,4,4,1,15,4,0.021918899990851,4,,,trajectories\synthetic_10_courses_10.json__D__a_star__seed4__run4.json,1,guided,,0,True,True,False,True
synthetic_10_courses_10.json,small,D,a_star,5,5,1,15,4,0.0226500999997369,4,,,trajectories\synthetic_10_courses_10.json__D__a_star__seed5__run5.json,1,guided,,0,True,True,False,True
synthetic_10_courses_10.json,small,D,exact_small,1,1,1,15,4,0.0217081999871879,4,,,trajectories\synthetic_10_courses_10.json__D__exact_small__seed1__run1.json,1,guided,,0,True,True,False,True
synthetic_10_courses_10.json,small,D,exact_small,2,2,1,15,4,0.0235871000040788,4,,,trajectories\synthetic_10_courses_10.json__D__exact_small__seed2__run2.json,1,guided,,0,True,True,False,True
synthetic_10_courses_10.json,small,D,exact_small,3,3,1,15,4,0.0224740999983623,4,,,trajectories\synthetic_10_courses_10.json__D__exact_small__seed3__run3.json,1,guided,,0,True,True,False,True
synthetic_10_courses_10.json,small,D,exact_small,4,4,1,15,4,0.0246783999900799,4,,,trajectories\synthetic_10_courses_10.json__D__exact_small__seed4__run4.json,1,guided,,0,True,True,False,True
synthetic_10_courses_10.json,small,D,exact_small,5,5,1,15,4,0.0255171000026166,4,,,trajectories\synthetic_10_courses_10.json__D__exact_small__seed5__run5.json,1,guided,,0,True,True,False,True
synthetic_30_courses_01.json,medium,A,greedy,1,1,1,5,2,0.0001030999992508,0,,,trajectories\synthetic_30_courses_01.json__A__greedy__seed1__run1.json,1,oracle,,0,True,True,False,False
synthetic_30_courses_01.json,medium,A,greedy,2,2,1,5,2,3.470000228844583e-05,0,,,trajectories\synthetic_30_courses_01.json__A__greedy__seed2__run2.json,1,oracle,,0,True,True,False,False
synthetic_30_courses_01.json,medium,A,greedy,3,3,1,5,2,5.719999899156392e-05,0,,,trajectories\synthetic_30_courses_01.json__A__greedy__seed3__run3.json,1,oracle,,0,True,True,False,False
synthetic_30_courses_01.json,medium,A,greedy,4,4,1,5,2,3.5699980799108744e-05,0,,,trajectories\synthetic_30_courses_01.json__A__greedy__seed4__run4.json,1,oracle,,0,True,True,False,False
synthetic_30_courses_01.json,medium,A,greedy,5,5,1,5,2,3.530000685714185e-05,0,,,trajectories\synthetic_30_courses_01.json__A__greedy__seed5__run5.json,1,oracle,,0,True,True,False,False
synthetic_30_courses_01.json,medium,A,a_star,1,1,1,5,2,0.0004104999825358,0,,,trajectories\synthetic_30_courses_01.json__A__a_star__seed1__run1.json,1,oracle,,0,True,True,False,False
synthetic_30_courses_01.json,medium,A,a_star,2,2,1,5,2,0.000369600020349,0,,,trajectories\synthetic_30_courses_01.json__A__a_star__seed2__run2.json,1,oracle,,0,True,True,False,False
synthetic_30_courses_01.json,medium,A,a_star,3,3,1,5,2,0.0004445000085979,0,,,trajectories\synthetic_30_courses_01.json__A__a_star__seed3__run3.json,1,oracle,,0,True,True,False,False
synthetic_30_courses_01.json,medium,A,a_star,4,4,1,5,2,0.0004008999967481,0,,,trajectories\synthetic_30_courses_01.json__A__a_star__seed4__run4.json,1,oracle,,0,True,True,False,False
synthetic_30_courses_01.json,medium,A,a_star,5,5,1,5,2,0.0003969000244978,0,,,trajectories\synthetic_30_courses_01.json__A__a_star__seed5__run5.json,1,oracle,,0,True,True,False,False
synthetic_30_courses_01.json,medium,B,greedy,1,1,1,5,2,6.589997792616487e-05,1,,,trajectories\synthetic_30_courses_01.json__B__greedy__seed1__run1.json,1,auto,,0,True,True,False,True
synthetic_30_courses_01.json,medium,B,greedy,2,2,1,5,2,5.9999991208314896e-05,1,,,trajectories\synthetic_30_courses_01.json__B__greedy__seed2__run2.json,1,auto,,0,True,True,False,True
synthetic_30_courses_01.json,medium,B,greedy,3,3,1,5,2,8.850000449456275e-05,1,,,trajectories\synthetic_30_courses_01.json__B__greedy__seed3__run3.json,1,auto,,0,True,True,False,True
synthetic_30_courses_01.json,medium,B,greedy,4,4,1,5,2,6.649998249486089e-05,1,,,trajectories\synthetic_30_courses_01.json__B__greedy__seed4__run4.json,1,auto,,0,True,True,False,True
synthetic_30_courses_01.json,medium,B,greedy,5,5,1,5,2,6.86999992467463e-05,1,,,trajectories\synthetic_30_courses_01.json__B__greedy__seed5__run5.json,1,auto,,0,True,True,False,True
synthetic_30_courses_01.json,medium,B,a_star,1,1,1,5,2,0.0003123999922536,1,,,trajectories\synthetic_30_courses_01.json__B__a_star__seed1__run1.json,1,auto,,0,True,True,False,True
synthetic_30_courses_01.json,medium,B,a_star,2,2,1,5,2,0.0006159999757073,1,,,trajectories\synthetic_30_courses_01.json__B__a_star__seed2__run2.json,1,auto,,0,True,True,False,True
synthetic_30_courses_01.json,medium,B,a_star,3,3,1,5,2,0.0003051999956369,1,,,trajectories\synthetic_30_courses_01.json__B__a_star__seed3__run3.json,1,auto,,0,True,True,False,True
synthetic_30_courses_01.json,medium,B,a_star,4,4,1,5,2,0.000572099990677,1,,,trajectories\synthetic_30_courses_01.json__B__a_star__seed4__run4.json,1,auto,,0,True,True,False,True
synthetic_30_courses_01.json,medium,B,a_star,5,5,1,5,2,0.0004494000168051,1,,,trajectories\synthetic_30_courses_01.json__B__a_star__seed5__run5.json,1,auto,,0,True,True,False,True
synthetic_30_courses_01.json,medium,C,greedy,1,1,1,5,2,3.840000135824084e-05,1,9.866666666666667,0.333,trajectories\synthetic_30_courses_01.json__C__greedy__seed1__run1.json,1,guided,,0,True,True,True,True
synthetic_30_courses_01.json,medium,C,greedy,2,2,1,5,2,4.019998596049845e-05,1,9.866666666666667,0.333,trajectories\synthetic_30_courses_01.json__C__greedy__seed2__run2.json,1,guided,,0,True,True,True,True
synthetic_30_courses_01.json,medium,C,greedy,3,3,1,5,2,3.7299992982298136e-05,1,9.866666666666667,0.333,trajectories\synthetic_30_courses_01.json__C__greedy__seed3__run3.json,1,guided,,0,True,True,True,True
synthetic_30_courses_01.json,medium,C,greedy,4,4,1,5,2,8.970001363195479e-05,1,9.866666666666667,0.333,trajectories\synthetic_30_courses_01.json__C__greedy__seed4__run4.json,1,guided,,0,True,True,True,True
synthetic_30_courses_01.json,medium,C,greedy,5,5,1,5,2,6.029999349266291e-05,1,9.866666666666667,0.333,trajectories\synthetic_30_courses_01.json__C__greedy__seed5__run5.json,1,guided,,0,True,True,True,True
synthetic_30_courses_01.json,medium,C,a_star,1,1,1,5,2,0.0003827000036835,1,9.866666666666667,0.333,trajectories\synthetic_30_courses_01.json__C__a_star__seed1__run1.json,1,guided,,0,True,True,True,True
synthetic_30_courses_01.json,medium,C,a_star,2,2,1,5,2,0.0003887999919243,1,9.866666666666667,0.333,trajectories\synthetic_30_courses_01.json__C__a_star__seed2__run2.json,1,guided,,0,True,True,True,True
synthetic_30_courses_01.json,medium,C,a_star,3,3,1,5,2,0.0003879999858327,1,9.866666666666667,0.333,trajectories\synthetic_30_courses_01.json__C__a_star__seed3__run3.json,1,guided,,0,True,True,True,True
synthetic_30_courses_01.json,medium,C,a_star,4,4,1,5,2,0.000413399975514,1,9.866666666666667,0.333,trajectories\synthetic_30_courses_01.json__C__a_star__seed4__run4.json,1,guided,,0,True,True,True,True
synthetic_30_courses_01.json,medium,C,a_star,5,5,1,5,2,0.000388299988117,1,9.866666666666667,0.333,trajectories\synthetic_30_courses_01.json__C__a_star__seed5__run5.json,1,guided,,0,True,True,True,True
synthetic_30_courses_01.json,medium,D,greedy,1,1,1,7,2,0.0118275000131689,2,,,trajectories\synthetic_30_courses_01.json__D__greedy__seed1__run1.json,1,guided,,0,True,True,False,True
synthetic_30_courses_01.json,medium,D,greedy,2,2,1,7,2,0.0117867999942973,2,,,trajectories\synthetic_30_courses_01.json__D__greedy__seed2__run2.json,1,guided,,0,True,True,False,True
synthetic_30_courses_01.json,medium,D,greedy,3,3,1,7,2,0.0113171999983023,2,,,trajectories\synthetic_30_courses_01.json__D__greedy__seed3__run3.json,1,guided,,0,True,True,False,True
synthetic_30_courses_01.json,medium,D,greedy,4,4,1,7,2,0.010133500007214,2,,,trajectories\synthetic_30_courses_01.json__D__greedy__seed4__run4.json,1,guided,,0,True,True,False,True
synthetic_30_courses_01.json,medium,D,greedy,5,5,1,7,2,0.0158474000054411,2,,,trajectories\synthetic_30_courses_01.json__D__greedy__seed5__run5.json,1,guided,,0,True,True,False,True
synthetic_30_courses_01.json,medium,D,a_star,1,1,1,7,2,0.0102500999928452,2,,,trajectories\synthetic_30_courses_01.json__D__a_star__seed1__run1.json,1,guided,,0,True,True,False,True
synthetic_30_courses_01.json,medium,D,a_star,2,2,1,7,2,0.0115315000002738,2,,,trajectories\synthetic_30_courses_01.json__D__a_star__seed2__run2.json,1,guided,,0,True,True,False,True
synthetic_30_courses_01.json,medium,D,a_star,3,3,1,7,2,0.0116046000039204,2,,,trajectories\synthetic_30_courses_01.json__D__a_star__seed3__run3.json,1,guided,,0,True,True,False,True
synthetic_30_courses_01.json,medium,D,a_star,4,4,1,7,2,0.0134062999859452,2,,,trajectories\synthetic_30_courses_01.json__D__a_star__seed4__run4.json,1,guided,,0,True,True,False,True
synthetic_30_courses_01.json,medium,D,a_star,5,5,1,7,2,0.0149280999903567,2,,,trajectories\synthetic_30_courses_01.json__D__a_star__seed5__run5.json,1,guided,,0,True,True,False,True
synthetic_30_courses_02.json,medium,A,greedy,1,1,1,17,4,0.0001095999905373,0,,,trajectories\synthetic_30_courses_02.json__A__greedy__seed1__run1.json,1,oracle,,0,True,True,False,False
synthetic_30_courses_02.json,medium,A,greedy,2,2,1,17,4,9.85999940894544e-05,0,,,trajectories\synthetic_30_courses_02.json__A__greedy__seed2__run2.json,1,oracle,,0,True,True,False,False
synthetic_30_courses_02.json,medium,A,greedy,3,3,1,17,4,8.970001363195479e-05,0,,,trajectories\synthetic_30_courses_02.json__A__greedy__seed3__run3.json,1,oracle,,0,True,True,False,False
synthetic_30_courses_02.json,medium,A,greedy,4,4,1,17,4,0.0001092000165954,0,,,trajectories\synthetic_30_courses_02.json__A__greedy__seed4__run4.json,1,oracle,,0,True,True,False,False
synthetic_30_courses_02.json,medium,A,greedy,5,5,1,17,4,0.0001074000028893,0,,,trajectories\synthetic_30_courses_02.json__A__greedy__seed5__run5.json,1,oracle,,0,True,True,False,False
synthetic_30_courses_02.json,medium,A,a_star,1,1,1,17,4,0.0056091999867931,0,,,trajectories\synthetic_30_courses_02.json__A__a_star__seed1__run1.json,1,oracle,,0,True,True,False,False
synthetic_30_courses_02.json,medium,A,a_star,2,2,1,17,4,0.0046640000073239,0,,,trajectories\synthetic_30_courses_02.json__A__a_star__seed2__run2.json,1,oracle,,0,True,True,False,False
synthetic_30_courses_02.json,medium,A,a_star,3,3,1,17,4,0.0047699999995529,0,,,trajectories\synthetic_30_courses_02.json__A__a_star__seed3__run3.json,1,oracle,,0,True,True,False,False
synthetic_30_courses_02.json,medium,A,a_star,4,4,1,17,4,0.0051132000226061,0,,,trajectories\synthetic_30_courses_02.json__A__a_star__seed4__run4.json,1,oracle,,0,True,True,False,False
synthetic_30_courses_02.json,medium,A,a_star,5,5,1,17,4,0.006005000002915,0,,,trajectories\synthetic_30_courses_02.json__A__a_star__seed5__run5.json,1,oracle,,0,True,True,False,False
synthetic_30_courses_02.json,medium,B,greedy,1,1,1,17,4,7.609999738633633e-05,1,,,trajectories\synthetic_30_courses_02.json__B__greedy__seed1__run1.json,1,auto,,0,True,True,False,True
synthetic_30_courses_02.json,medium,B,greedy,2,2,1,17,4,6.580000626854599e-05,1,,,trajectories\synthetic_30_courses_02.json__B__greedy__seed2__run2.json,1,auto,,0,True,True,False,True
synthetic_30_courses_02.json,medium,B,greedy,3,3,1,17,4,0.0001280000142287,1,,,trajectories\synthetic_30_courses_02.json__B__greedy__seed3__run3.json,1,auto,,0,True,True,False,True
synthetic_30_courses_02.json,medium,B,greedy,4,4,1,17,4,7.330000516958535e-05,1,,,trajectories\synthetic_30_courses_02.json__B__greedy__seed4__run4.json,1,auto,,0,True,True,False,True
synthetic_30_courses_02.json,medium,B,greedy,5,5,1,17,4,8.709999383427203e-05,1,,,trajectories\synthetic_30_courses_02.json__B__greedy__seed5__run5.json,1,auto,,0,True,True,False,True
synthetic_30_courses_02.json,medium,B,a_star,1,1,1,17,4,0.0042379000224173,1,,,trajectories\synthetic_30_courses_02.json__B__a_star__seed1__run1.json,1,auto,,0,True,True,False,True
synthetic_30_courses_02.json,medium,B,a_star,2,2,1,17,4,0.0042274000006727,1,,,trajectories\synthetic_30_courses_02.json__B__a_star__seed2__run2.json,1,auto,,0,True,True,False,True
synthetic_30_courses_02.json,medium,B,a_star,3,3,1,17,4,0.0042700999765656,1,,,trajectories\synthetic_30_courses_02.json__B__a_star__seed3__run3.json,1,auto,,0,True,True,False,True
synthetic_30_courses_02.json,medium,B,a_star,4,4,1,17,4,0.0043711999896913,1,,,trajectories\synthetic_30_courses_02.json__B__a_star__seed4__run4.json,1,auto,,0,True,True,False,True
synthetic_30_courses_02.json,medium,B,a_star,5,5,1,17,4,0.0048869999882299,1,,,trajectories\synthetic_30_courses_02.json__B__a_star__seed5__run5.json,1,auto,,0,True,True,False,True
synthetic_30_courses_02.json,medium,C,greedy,1,1,1,17,4,9.57000011112541e-05,1,9.733333333333334,0.75,trajectories\synthetic_30_courses_02.json__C__greedy__seed1__run1.json,1,guided,,0,True,True,True,True
synthetic_30_courses_02.json,medium,C,greedy,2,2,1,17,4,0.0001565999991726,1,9.733333333333334,0.75,trajectories\synthetic_30_courses_02.json__C__greedy__seed2__run2.json,1,guided,,0,True,True,True,True
synthetic_30_courses_02.json,medium,C,greedy,3,3,1,17,4,0.0001451999996788,1,9.733333333333334,0.75,trajectories\synthetic_30_courses_02.json__C__greedy__seed3__run3.json,1,guided,,0,True,True,True,True
synthetic_30_courses_02.json,medium,C,greedy,4,4,1,17,4,0.0002095999952871,1,9.733333333333334,0.75,trajectories\synthetic_30_courses_02.json__C__greedy__seed4__run4.json,1,guided,,0,True,True,True,True
synthetic_30_courses_02.json,medium,C,greedy,5,5,1,17,4,0.0001416000013705,1,9.733333333333334,0.75,trajectories\synthetic_30_courses_02.json__C__greedy__seed5__run5.json,1,guided,,0,True,True,True,True
synthetic_30_courses_02.json,medium,C,a_star,1,1,1,17,4,0.0105206999869551,1,9.733333333333334,0.75,trajectories\synthetic_30_courses_02.json__C__a_star__seed1__run1.json,1,guided,,0,True,True,True,True
synthetic_30_courses_02.json,medium,C,a_star,2,2,1,17,4,0.0046146000095177,1,9.733333333333334,0.75,trajectories\synthetic_30_courses_02.json__C__a_star__seed2__run2.json,1,guided,,0,True,True,True,True
synthetic_30_courses_02.json,medium,C,a_star,3,3,1,17,4,0.0041581000259611,1,9.733333333333334,0.75,trajectories\synthetic_30_courses_02.json__C__a_star__seed3__run3.json,1,guided,,0,True,True,True,True
synthetic_30_courses_02.json,medium,C,a_star,4,4,1,17,4,0.0041811999981291,1,9.733333333333334,0.75,trajectories\synthetic_30_courses_02.json__C__a_star__seed4__run4.json,1,guided,,0,True,True,True,True
synthetic_30_courses_02.json,medium,C,a_star,5,5,1,17,4,0.0041237999976146,1,9.733333333333334,0.75,trajectories\synthetic_30_courses_02.json__C__a_star__seed5__run5.json,1,guided,,0,True,True,True,True
synthetic_30_courses_02.json,medium,D,greedy,1,1,1,26,6,115.83238559999154,6,,,trajectories\synthetic_30_courses_02.json__D__greedy__seed1__run1.json,1,guided,,0,True,True,False,True
synthetic_30_courses_02.json,medium,D,greedy,2,2,1,26,6,0.0451948000118136,6,,,trajectories\synthetic_30_courses_02.json__D__greedy__seed2__run2.json,1,guided,,0,True,True,False,True
synthetic_30_courses_02.json,medium,D,greedy,3,3,1,26,6,0.0364337000064551,6,,,trajectories\synthetic_30_courses_02.json__D__greedy__seed3__run3.json,1,guided,,0,True,True,False,True
synthetic_30_courses_02.json,medium,D,greedy,4,4,1,26,6,0.0338923000090289,6,,,trajectories\synthetic_30_courses_02.json__D__greedy__seed4__run4.json,1,guided,,0,True,True,False,True
synthetic_30_courses_02.json,medium,D,greedy,5,5,1,26,6,0.0346867000043857,6,,,trajectories\synthetic_30_courses_02.json__D__greedy__seed5__run5.json,1,guided,,0,True,True,False,True
synthetic_30_courses_02.json,medium,D,a_star,1,1,1,26,6,0.0354815000027883,6,,,trajectories\synthetic_30_courses_02.json__D__a_star__seed1__run1.json,1,guided,,0,True,True,False,True
synthetic_30_courses_02.json,medium,D,a_star,2,2,1,26,6,0.0346319999953266,6,,,trajectories\synthetic_30_courses_02.json__D__a_star__seed2__run2.json,1,guided,,0,True,True,False,True
synthetic_30_courses_02.json,medium,D,a_star,3,3,1,26,6,0.0387644000002183,6,,,trajectories\synthetic_30_courses_02.json__D__a_star__seed3__run3.json,1,guided,,0,True,True,False,True
synthetic_30_courses_02.json,medium,D,a_star,4,4,1,26,6,0.0494912000140175,6,,,trajectories\synthetic_30_courses_02.json__D__a_star__seed4__run4.json,1,guided,,0,True,True,False,True
synthetic_30_courses_02.json,medium,D,a_star,5,5,1,26,6,0.0354306999943219,6,,,trajectories\synthetic_30_courses_02.json__D__a_star__seed5__run5.json,1,guided,,0,True,True,False,True
synthetic_30_courses_03.json,medium,A,greedy,1,1,1,12,4,8.090000483207405e-05,0,,,trajectories\synthetic_30_courses_03.json__A__greedy__seed1__run1.json,1,oracle,,0,True,True,False,False
synthetic_30_courses_03.json,medium,A,greedy,2,2,1,12,4,7.829998503439128e-05,0,,,trajectories\synthetic_30_courses_03.json__A__greedy__seed2__run2.json,1,oracle,,0,True,True,False,False
synthetic_30_courses_03.json,medium,A,greedy,3,3,1,12,4,0.0001011000131256,0,,,trajectories\synthetic_30_courses_03.json__A__greedy__seed3__run3.json,1,oracle,,0,True,True,False,False
synthetic_30_courses_03.json,medium,A,greedy,4,4,1,12,4,9.18000005185604e-05,0,,,trajectories\synthetic_30_courses_03.json__A__greedy__seed4__run4.json,1,oracle,,0,True,True,False,False
synthetic_30_courses_03.json,medium,A,greedy,5,5,1,12,4,6.919997395016253e-05,0,,,trajectories\synthetic_30_courses_03.json__A__greedy__seed5__run5.json,1,oracle,,0,True,True,False,False
synthetic_30_courses_03.json,medium,A,a_star,1,1,1,12,4,0.0009880999859888,0,,,trajectories\synthetic_30_courses_03.json__A__a_star__seed1__run1.json,1,oracle,,0,True,True,False,False
synthetic_30_courses_03.json,medium,A,a_star,2,2,1,12,4,0.0008276000153273,0,,,trajectories\synthetic_30_courses_03.json__A__a_star__seed2__run2.json,1,oracle,,0,True,True,False,False
synthetic_30_courses_03.json,medium,A,a_star,3,3,1,12,4,0.0007747000199742,0,,,trajectories\synthetic_30_courses_03.json__A__a_star__seed3__run3.json,1,oracle,,0,True,True,False,False
synthetic_30_courses_03.json,medium,A,a_star,4,4,1,12,4,0.0009370000043418,0,,,trajectories\synthetic_30_courses_03.json__A__a_star__seed4__run4.json,1,oracle,,0,True,True,False,False
synthetic_30_courses_03.json,medium,A,a_star,5,5,1,12,4,0.0008827999990899,0,,,trajectories\synthetic_30_courses_03.json__A__a_star__seed5__run5.json,1,oracle,,0,True,True,False,False
synthetic_30_courses_03.json,medium,B,greedy,1,1,1,12,4,0.0001316999841947,1,,,trajectories\synthetic_30_courses_03.json__B__greedy__seed1__run1.json,1,auto,,0,True,True,False,True
synthetic_30_courses_03.json,medium,B,greedy,2,2,1,12,4,0.0001273999805562,1,,,trajectories\synthetic_30_courses_03.json__B__greedy__seed2__run2.json,1,auto,,0,True,True,False,True
synthetic_30_courses_03.json,medium,B,greedy,3,3,1,12,4,0.0001807000080589,1,,,trajectories\synthetic_30_courses_03.json__B__greedy__seed3__run3.json,1,auto,,0,True,True,False,True
synthetic_30_courses_03.json,medium,B,greedy,4,4,1,12,4,0.0001273000088986,1,,,trajectories\synthetic_30_courses_03.json__B__greedy__seed4__run4.json,1,auto,,0,True,True,False,True
synthetic_30_courses_03.json,medium,B,greedy,5,5,1,12,4,0.0001457000034861,1,,,trajectories\synthetic_30_courses_03.json__B__greedy__seed5__run5.json,1,auto,,0,True,True,False,True
synthetic_30_courses_03.json,medium,B,a_star,1,1,1,12,4,0.001997500017751,1,,,trajectories\synthetic_30_courses_03.json__B__a_star__seed1__run1.json,1,auto,,0,True,True,False,True
synthetic_30_courses_03.json,medium,B,a_star,2,2,1,12,4,0.0016813000256661,1,,,trajectories\synthetic_30_courses_03.json__B__a_star__seed2__run2.json,1,auto,,0,True,True,False,True
synthetic_30_courses_03.json,medium,B,a_star,3,3,1,12,4,0.0016658999957144,1,,,trajectories\synthetic_30_courses_03.json__B__a_star__seed3__run3.json,1,auto,,0,True,True,False,True
synthetic_30_courses_03.json,medium,B,a_star,4,4,1,12,4,0.0017970000044442,1,,,trajectories\synthetic_30_courses_03.json__B__a_star__seed4__run4.json,1,auto,,0,True,True,False,True
synthetic_30_courses_03.json,medium,B,a_star,5,5,1,12,4,0.0016833999834489,1,,,trajectories\synthetic_30_courses_03.json__B__a_star__seed5__run5.json,1,auto,,0,True,True,False,True
synthetic_30_courses_03.json,medium,C,greedy,1,1,1,12,4,0.0001910999999381,1,9.733333333333334,3.5,trajectories\synthetic_30_courses_03.json__C__greedy__seed1__run1.json,1,guided,,0,True,True,True,True
synthetic_30_courses_03.json,medium,C,greedy,2,2,1,12,4,0.0001174999924842,1,9.733333333333334,3.5,trajectories\synthetic_30_courses_03.json__C__greedy__seed2__run2.json,1,guided,,0,True,True,True,True
synthetic_30_courses_03.json,medium,C,greedy,3,3,1,12,4,0.0001347000070381,1,9.733333333333334,3.5,trajectories\synthetic_30_courses_03.json__C__greedy__seed3__run3.json,1,guided,,0,True,True,True,True
synthetic_30_courses_03.json,medium,C,greedy,4,4,1,12,4,0.0001208999892696,1,9.733333333333334,3.5,trajectories\synthetic_30_courses_03.json__C__greedy__seed4__run4.json,1,guided,,0,True,True,True,True
synthetic_30_courses_03.json,medium,C,greedy,5,5,1,12,4,0.0001182999985758,1,9.733333333333334,3.5,trajectories\synthetic_30_courses_03.json__C__greedy__seed5__run5.json,1,guided,,0,True,True,True,True
synthetic_30_courses_03.json,medium,C,a_star,1,1,1,12,4,0.0025428000080864,1,9.733333333333334,3.25,trajectories\synthetic_30_courses_03.json__C__a_star__seed1__run1.json,1,guided,,0,True,True,True,True
synthetic_30_courses_03.json,medium,C,a_star,2,2,1,12,4,0.0019546999828889,1,9.733333333333334,3.25,trajectories\synthetic_30_courses_03.json__C__a_star__seed2__run2.json,1,guided,,0,True,True,True,True
synthetic_30_courses_03.json,medium,C,a_star,3,3,1,12,4,0.0019527999975252,1,9.733333333333334,3.25,trajectories\synthetic_30_courses_03.json__C__a_star__seed3__run3.json,1,guided,,0,True,True,True,True
synthetic_30_courses_03.json,medium,C,a_star,4,4,1,12,4,0.002046200010227,1,9.733333333333334,3.25,trajectories\synthetic_30_courses_03.json__C__a_star__seed4__run4.json,1,guided,,0,True,True,True,True
synthetic_30_courses_03.json,medium,C,a_star,5,5,1,12,4,0.0021275999897625,1,9.733333333333334,3.25,trajectories\synthetic_30_courses_03.json__C__a_star__seed5__run5.json,1,guided,,0,True,True,True,True
synthetic_30_courses_03.json,medium,D,greedy,1,1,1,24,7,146.02190150000388,7,,,trajectories\synthetic_30_courses_03.json__D__greedy__seed1__run1.json,1,guided,,0,True,True,False,True
synthetic_30_courses_03.json,medium,D,greedy,2,2,1,24,7,0.1007425999850966,7,,,trajectories\synthetic_30_courses_03.json__D__greedy__seed2__run2.json,1,guided,,0,True,True,False,True
synthetic_30_courses_03.json,medium,D,greedy,3,3,1,24,7,0.0828446999948937,7,,,trajectories\synthetic_30_courses_03.json__D__greedy__seed3__run3.json,1,guided,,0,True,True,False,True
synthetic_30_courses_03.json,medium,D,greedy,4,4,1,24,7,0.1091768999758642,7,,,trajectories\synthetic_30_courses_03.json__D__greedy__seed4__run4.json,1,guided,,0,True,True,False,True
synthetic_30_courses_03.json,medium,D,greedy,5,5,1,24,7,0.0813219999836292,7,,,trajectories\synthetic_30_courses_03.json__D__greedy__seed5__run5.json,1,guided,,0,True,True,False,True
synthetic_30_courses_03.json,medium,D,a_star,1,1,1,24,7,0.0833687999984249,7,,,trajectories\synthetic_30_courses_03.json__D__a_star__seed1__run1.json,1,guided,,0,True,True,False,True
synthetic_30_courses_03.json,medium,D,a_star,2,2,1,24,7,0.081147700024303,7,,,trajectories\synthetic_30_courses_03.json__D__a_star__seed2__run2.json,1,guided,,0,True,True,False,True
synthetic_30_courses_03.json,medium,D,a_star,3,3,1,24,7,0.0857583000033628,7,,,trajectories\synthetic_30_courses_03.json__D__a_star__seed3__run3.json,1,guided,,0,True,True,False,True
synthetic_30_courses_03.json,medium,D,a_star,4,4,1,24,7,0.0816974000190384,7,,,trajectories\synthetic_30_courses_03.json__D__a_star__seed4__run4.json,1,guided,,0,True,True,False,True
synthetic_30_courses_03.json,medium,D,a_star,5,5,1,24,7,0.0828839000023435,7,,,trajectories\synthetic_30_courses_03.json__D__a_star__seed5__run5.json,1,guided,,0,True,True,False,True
synthetic_30_courses_04.json,medium,A,greedy,1,1,1,9,2,0.0001137999934144,0,,,trajectories\synthetic_30_courses_04.json__A__greedy__seed1__run1.json,1,oracle,,0,True,True,False,False
synthetic_30_courses_04.json,medium,A,greedy,2,2,1,9,2,0.0001218999968841,0,,,trajectories\synthetic_30_courses_04.json__A__greedy__seed2__run2.json,1,oracle,,0,True,True,False,False
synthetic_30_courses_04.json,medium,A,greedy,3,3,1,9,2,0.0001312999811489,0,,,trajectories\synthetic_30_courses_04.json__A__greedy__seed3__run3.json,1,oracle,,0,True,True,False,False
synthetic_30_courses_04.json,medium,A,greedy,4,4,1,9,2,0.000131600012537,0,,,trajectories\synthetic_30_courses_04.json__A__greedy__seed4__run4.json,1,oracle,,0,True,True,False,False
synthetic_30_courses_04.json,medium,A,greedy,5,5,1,9,2,0.0002306999813299,0,,,trajectories\synthetic_30_courses_04.json__A__greedy__seed5__run5.json,1,oracle,,0,True,True,False,False
synthetic_30_courses_04.json,medium,A,a_star,1,1,1,9,2,0.0015154000138863,0,,,trajectories\synthetic_30_courses_04.json__A__a_star__seed1__run1.json,1,oracle,,0,True,True,False,False
synthetic_30_courses_04.json,medium,A,a_star,2,2,1,9,2,0.0009633000008761,0,,,trajectories\synthetic_30_courses_04.json__A__a_star__seed2__run2.json,1,oracle,,0,True,True,False,False
synthetic_30_courses_04.json,medium,A,a_star,3,3,1,9,2,0.001621100003831,0,,,trajectories\synthetic_30_courses_04.json__A__a_star__seed3__run3.json,1,oracle,,0,True,True,False,False
synthetic_30_courses_04.json,medium,A,a_star,4,4,1,9,2,0.0012152999988757,0,,,trajectories\synthetic_30_courses_04.json__A__a_star__seed4__run4.json,1,oracle,,0,True,True,False,False
synthetic_30_courses_04.json,medium,A,a_star,5,5,1,9,2,0.0012088999792467,0,,,trajectories\synthetic_30_courses_04.json__A__a_star__seed5__run5.json,1,oracle,,0,True,True,False,False
synthetic_30_courses_04.json,medium,B,greedy,1,1,1,9,2,0.0001006000093184,1,,,trajectories\synthetic_30_courses_04.json__B__greedy__seed1__run1.json,1,auto,,0,True,True,False,True
synthetic_30_courses_04.json,medium,B,greedy,2,2,1,9,2,9.109999518841504e-05,1,,,trajectories\synthetic_30_courses_04.json__B__greedy__seed2__run2.json,1,auto,,0,True,True,False,True
synthetic_30_courses_04.json,medium,B,greedy,3,3,1,9,2,8.830000297166407e-05,1,,,trajectories\synthetic_30_courses_04.json__B__greedy__seed3__run3.json,1,auto,,0,True,True,False,True
synthetic_30_courses_04.json,medium,B,greedy,4,4,1,9,2,0.0001007000100798,1,,,trajectories\synthetic_30_courses_04.json__B__greedy__seed4__run4.json,1,auto,,0,True,True,False,True
synthetic_30_courses_04.json,medium,B,greedy,5,5,1,9,2,6.510000093840063e-05,1,,,trajectories\synthetic_30_courses_04.json__B__greedy__seed5__run5.json,1,auto,,0,True,True,False,True
synthetic_30_courses_04.json,medium,B,a_star,1,1,1,9,2,0.0006700000085402,1,,,trajectories\synthetic_30_courses_04.json__B__a_star__seed1__run1.json,1,auto,,0,True,True,False,True
synthetic_30_courses_04.json,medium,B,a_star,2,2,1,9,2,0.0004014000005554,1,,,trajectories\synthetic_30_courses_04.json__B__a_star__seed2__run2.json,1,auto,,0,True,True,False,True
synthetic_30_courses_04.json,medium,B,a_star,3,3,1,9,2,0.0007624000136274,1,,,trajectories\synthetic_30_courses_04.json__B__a_star__seed3__run3.json,1,auto,,0,True,True,False,True
synthetic_30_courses_04.json,medium,B,a_star,4,4,1,9,2,0.0005996999971102,1,,,trajectories\synthetic_30_courses_04.json__B__a_star__seed4__run4.json,1,auto,,0,True,True,False,True
synthetic_30_courses_04.json,medium,B,a_star,5,5,1,9,2,0.0005780000064987,1,,,trajectories\synthetic_30_courses_04.json__B__a_star__seed5__run5.json,1,auto,,0,True,True,False,True
synthetic_30_courses_04.json,medium,C,greedy,1,1,1,9,2,7.010000990703702e-05,1,9.866666666666667,3.5,trajectories\synthetic_30_courses_04.json__C__greedy__seed1__run1.json,1,guided,,0,True,True,True,True
synthetic_30_courses_04.json,medium,C,greedy,2,2,1,9,2,8.66000191308558e-05,1,9.866666666666667,3.5,trajectories\synthetic_30_courses_04.json__C__greedy__seed2__run2.json,1,guided,,0,True,True,True,True
synthetic_30_courses_04.json,medium,C,greedy,3,3,1,9,2,0.000124100013636,1,9.866666666666667,3.5,trajectories\synthetic_30_courses_04.json__C__greedy__seed3__run3.json,1,guided,,0,True,True,True,True
synthetic_30_courses_04.json,medium,C,greedy,4,4,1,9,2,0.0001345000055152,1,9.866666666666667,3.5,trajectories\synthetic_30_courses_04.json__C__greedy__seed4__run4.json,1,guided,,0,True,True,True,True
synthetic_30_courses_04.json,medium,C,greedy,5,5,1,9,2,0.0001235000090673,1,9.866666666666667,3.5,trajectories\synthetic_30_courses_04.json__C__greedy__seed5__run5.json,1,guided,,0,True,True,True,True
synthetic_30_courses_04.json,medium,C,a_star,1,1,1,9,2,0.0014457000070251,1,9.866666666666667,3.5,trajectories\synthetic_30_courses_04.json__C__a_star__seed1__run1.json,1,guided,,0,True,True,True,True
synthetic_30_courses_04.json,medium,C,a_star,2,2,1,9,2,0.0018524000188335,1,9.866666666666667,3.5,trajectories\synthetic_30_courses_04.json__C__a_star__seed2__run2.json,1,guided,,0,True,True,True,True
synthetic_30_courses_04.json,medium,C,a_star,3,3,1,9,2,0.001996400009375,1,9.866666666666667,3.5,trajectories\synthetic_30_courses_04.json__C__a_star__seed3__run3.json,1,guided,,0,True,True,True,True
synthetic_30_courses_04.json,medium,C,a_star,4,4,1,9,2,0.0011753999860957,1,9.866666666666667,3.5,trajectories\synthetic_30_courses_04.json__C__a_star__seed4__run4.json,1,guided,,0,True,True,True,True
synthetic_30_courses_04.json,medium,C,a_star,5,5,1,9,2,0.0013155000051483,1,9.866666666666667,3.5,trajectories\synthetic_30_courses_04.json__C__a_star__seed5__run5.json,1,guided,,0,True,True,True,True
synthetic_30_courses_04.json,medium,D,greedy,1,1,1,20,5,87.4237218000053,5,,,trajectories\synthetic_30_courses_04.json__D__greedy__seed1__run1.json,1,guided,,0,True,True,False,True
synthetic_30_courses_04.json,medium,D,greedy,2,2,1,20,5,0.0847330999968107,5,,,trajectories\synthetic_30_courses_04.json__D__greedy__seed2__run2.json,1,guided,,0,True,True,False,True
synthetic_30_courses_04.json,medium,D,greedy,3,3,1,20,5,0.0638973000168334,5,,,trajectories\synthetic_30_courses_04.json__D__greedy__seed3__run3.json,1,guided,,0,True,True,False,True
synthetic_30_courses_04.json,medium,D,greedy,4,4,1,20,5,0.081790500000352,5,,,trajectories\synthetic_30_courses_04.json__D__greedy__seed4__run4.json,1,guided,,0,True,True,False,True
synthetic_30_courses_04.json,medium,D,greedy,5,5,1,20,5,0.0302240999881178,5,,,trajectories\synthetic_30_courses_04.json__D__greedy__seed5__run5.json,1,guided,,0,True,True,False,True
synthetic_30_courses_04.json,medium,D,a_star,1,1,1,20,5,0.0306948999932501,5,,,trajectories\synthetic_30_courses_04.json__D__a_star__seed1__run1.json,1,guided,,0,True,True,False,True
synthetic_30_courses_04.json,medium,D,a_star,2,2,1,20,5,0.0310779999999795,5,,,trajectories\synthetic_30_courses_04.json__D__a_star__seed2__run2.json,1,guided,,0,True,True,False,True
synthetic_30_courses_04.json,medium,D,a_star,3,3,1,20,5,0.0277624999871477,5,,,trajectories\synthetic_30_courses_04.json__D__a_star__seed3__run3.json,1,guided,,0,True,True,False,True
synthetic_30_courses_04.json,medium,D,a_star,4,4,1,20,5,0.0373397000075783,5,,,trajectories\synthetic_30_courses_04.json__D__a_star__seed4__run4.json,1,guided,,0,True,True,False,True
synthetic_30_courses_04.json,medium,D,a_star,5,5,1,20,5,0.039784900000086,5,,,trajectories\synthetic_30_courses_04.json__D__a_star__seed5__run5.json,1,guided,,0,True,True,False,True
synthetic_30_courses_05.json,medium,A,greedy,1,1,1,12,3,5.8999983593821526e-05,0,,,trajectories\synthetic_30_courses_05.json__A__greedy__seed1__run1.json,1,oracle,,0,True,True,False,False
synthetic_30_courses_05.json,medium,A,greedy,2,2,1,12,3,6.3000014051795e-05,0,,,trajectories\synthetic_30_courses_05.json__A__greedy__seed2__run2.json,1,oracle,,0,True,True,False,False
synthetic_30_courses_05.json,medium,A,greedy,3,3,1,12,3,7.249999907799065e-05,0,,,trajectories\synthetic_30_courses_05.json__A__greedy__seed3__run3.json,1,oracle,,0,True,True,False,False
synthetic_30_courses_05.json,medium,A,greedy,4,4,1,12,3,6.769999163225293e-05,0,,,trajectories\synthetic_30_courses_05.json__A__greedy__seed4__run4.json,1,oracle,,0,True,True,False,False
synthetic_30_courses_05.json,medium,A,greedy,5,5,1,12,3,6.439999560825527e-05,0,,,trajectories\synthetic_30_courses_05.json__A__greedy__seed5__run5.json,1,oracle,,0,True,True,False,False
synthetic_30_courses_05.json,medium,A,a_star,1,1,1,12,3,0.0017953000206034,0,,,trajectories\synthetic_30_courses_05.json__A__a_star__seed1__run1.json,1,oracle,,0,True,True,False,False
synthetic_30_courses_05.json,medium,A,a_star,2,2,1,12,3,0.0018302999960724,0,,,trajectories\synthetic_30_courses_05.json__A__a_star__seed2__run2.json,1,oracle,,0,True,True,False,False
synthetic_30_courses_05.json,medium,A,a_star,3,3,1,12,3,0.0022943999792914,0,,,trajectories\synthetic_30_courses_05.json__A__a_star__seed3__run3.json,1,oracle,,0,True,True,False,False
synthetic_30_courses_05.json,medium,A,a_star,4,4,1,12,3,0.001681699999608,0,,,trajectories\synthetic_30_courses_05.json__A__a_star__seed4__run4.json,1,oracle,,0,True,True,False,False
synthetic_30_courses_05.json,medium,A,a_star,5,5,1,12,3,0.0024340999952983,0,,,trajectories\synthetic_30_courses_05.json__A__a_star__seed5__run5.json,1,oracle,,0,True,True,False,False
synthetic_30_courses_05.json,medium,B,greedy,1,1,1,12,3,6.009999196976423e-05,1,,,trajectories\synthetic_30_courses_05.json__B__greedy__seed1__run1.json,1,auto,,0,True,True,False,True
synthetic_30_courses_05.json,medium,B,greedy,2,2,1,12,3,5.9999991208314896e-05,1,,,trajectories\synthetic_30_courses_05.json__B__greedy__seed2__run2.json,1,auto,,0,True,True,False,True
synthetic_30_courses_05.json,medium,B,greedy,3,3,1,12,3,0.0001389000099152,1,,,trajectories\synthetic_30_courses_05.json__B__greedy__seed3__run3.json,1,auto,,0,True,True,False,True
synthetic_30_courses_05.json,medium,B,greedy,4,4,1,12,3,6.770002073608339e-05,1,,,trajectories\synthetic_30_courses_05.json__B__greedy__seed4__run4.json,1,auto,,0,True,True,False,True
synthetic_30_courses_05.json,medium,B,greedy,5,5,1,12,3,7.520001963712275e-05,1,,,trajectories\synthetic_30_courses_05.json__B__greedy__seed5__run5.json,1,auto,,0,True,True,False,True
synthetic_30_courses_05.json,medium,B,a_star,1,1,1,12,3,0.002621799998451,1,,,trajectories\synthetic_30_courses_05.json__B__a_star__seed1__run1.json,1,auto,,0,True,True,False,True
synthetic_30_courses_05.json,medium,B,a_star,2,2,1,12,3,0.0020922999829053,1,,,trajectories\synthetic_30_courses_05.json__B__a_star__seed2__run2.json,1,auto,,0,True,True,False,True
synthetic_30_courses_05.json,medium,B,a_star,3,3,1,12,3,0.0019160000083502,1,,,trajectories\synthetic_30_courses_05.json__B__a_star__seed3__run3.json,1,auto,,0,True,True,False,True
synthetic_30_courses_05.json,medium,B,a_star,4,4,1,12,3,0.0019688000029418,1,,,trajectories\synthetic_30_courses_05.json__B__a_star__seed4__run4.json,1,auto,,0,True,True,False,True
synthetic_30_courses_05.json,medium,B,a_star,5,5,1,12,3,0.0018747999856714,1,,,trajectories\synthetic_30_courses_05.json__B__a_star__seed5__run5.json,1,auto,,0,True,True,False,True
synthetic_30_courses_05.json,medium,C,greedy,1,1,1,12,3,5.180001608096063e-05,1,9.8,0.25,trajectories\synthetic_30_courses_05.json__C__greedy__seed1__run1.json,1,guided,,0,True,True,True,True
synthetic_30_courses_05.json,medium,C,greedy,2,2,1,12,3,0.0001646000018808,1,9.8,0.25,trajectories\synthetic_30_courses_05.json__C__greedy__seed2__run2.json,1,guided,,0,True,True,True,True
synthetic_30_courses_05.json,medium,C,greedy,3,3,1,12,3,0.0001090000150725,1,9.8,0.25,trajectories\synthetic_30_courses_05.json__C__greedy__seed3__run3.json,1,guided,,0,True,True,True,True
synthetic_30_courses_05.json,medium,C,greedy,4,4,1,12,3,0.0001899999915622,1,9.8,0.25,trajectories\synthetic_30_courses_05.json__C__greedy__seed4__run4.json,1,guided,,0,True,True,True,True
synthetic_30_courses_05.json,medium,C,greedy,5,5,1,12,3,0.0001078000059351,1,9.8,0.25,trajectories\synthetic_30_courses_05.json__C__greedy__seed5__run5.json,1,guided,,0,True,True,True,True
synthetic_30_courses_05.json,medium,C,a_star,1,1,1,12,3,0.0043116000015288,1,9.8,0.25,trajectories\synthetic_30_courses_05.json__C__a_star__seed1__run1.json,1,guided,,0,True,True,True,True
synthetic_30_courses_05.json,medium,C,a_star,2,2,1,12,3,0.0061671000148635,1,9.8,0.25,trajectories\synthetic_30_courses_05.json__C__a_star__seed2__run2.json,1,guided,,0,True,True,True,True
synthetic_30_courses_05.json,medium,C,a_star,3,3,1,12,3,0.0044128999870736,1,9.8,0.25,trajectories\synthetic_30_courses_05.json__C__a_star__seed3__run3.json,1,guided,,0,True,True,True,True
synthetic_30_courses_05.json,medium,C,a_star,4,4,1,12,3,0.0048306999960914,1,9.8,0.25,trajectories\synthetic_30_courses_05.json__C__a_star__seed4__run4.json,1,guided,,0,True,True,True,True
synthetic_30_courses_05.json,medium,C,a_star,5,5,1,12,3,0.0043948999955318,1,9.8,0.25,trajectories\synthetic_30_courses_05.json__C__a_star__seed5__run5.json,1,guided,,0,True,True,True,True
synthetic_30_courses_05.json,medium,D,greedy,1,1,1,19,5,85.41172820000793,5,,,trajectories\synthetic_30_courses_05.json__D__greedy__seed1__run1.json,1,guided,,0,True,True,False,True
synthetic_30_courses_05.json,medium,D,greedy,2,2,1,19,5,0.0399171999888494,5,,,trajectories\synthetic_30_courses_05.json__D__greedy__seed2__run2.json,1,guided,,0,True,True,False,True
synthetic_30_courses_05.json,medium,D,greedy,3,3,1,19,5,0.0272856999945361,5,,,trajectories\synthetic_30_courses_05.json__D__greedy__seed3__run3.json,1,guided,,0,True,True,False,True
synthetic_30_courses_05.json,medium,D,greedy,4,4,1,19,5,0.027860399975907,5,,,trajectories\synthetic_30_courses_05.json__D__greedy__seed4__run4.json,1,guided,,0,True,True,False,True
synthetic_30_courses_05.json,medium,D,greedy,5,5,1,19,5,0.0286363000050187,5,,,trajectories\synthetic_30_courses_05.json__D__greedy__seed5__run5.json,1,guided,,0,True,True,False,True
synthetic_30_courses_05.json,medium,D,a_star,1,1,1,19,5,0.0371462000184692,5,,,trajectories\synthetic_30_courses_05.json__D__a_star__seed1__run1.json,1,guided,,0,True,True,False,True
synthetic_30_courses_05.json,medium,D,a_star,2,2,1,19,5,0.0379886999726295,5,,,trajectories\synthetic_30_courses_05.json__D__a_star__seed2__run2.json,1,guided,,0,True,True,False,True
synthetic_30_courses_05.json,medium,D,a_star,3,3,1,19,5,0.0295748999924398,5,,,trajectories\synthetic_30_courses_05.json__D__a_star__seed3__run3.json,1,guided,,0,True,True,False,True
synthetic_30_courses_05.json,medium,D,a_star,4,4,1,19,5,0.0269954999967012,5,,,trajectories\synthetic_30_courses_05.json__D__a_star__seed4__run4.json,1,guided,,0,True,True,False,True
synthetic_30_courses_05.json,medium,D,a_star,5,5,1,19,5,0.0302091000194195,5,,,trajectories\synthetic_30_courses_05.json__D__a_star__seed5__run5.json,1,guided,,0,True,True,False,True
synthetic_30_courses_06.json,medium,A,greedy,1,1,1,23,6,9.039998985826968e-05,0,,,trajectories\synthetic_30_courses_06.json__A__greedy__seed1__run1.json,1,oracle,,0,True,True,False,False
synthetic_30_courses_06.json,medium,A,greedy,2,2,1,23,6,0.0001854000147432,0,,,trajectories\synthetic_30_courses_06.json__A__greedy__seed2__run2.json,1,oracle,,0,True,True,False,False
synthetic_30_courses_06.json,medium,A,greedy,3,3,1,23,6,9.03000182006508e-05,0,,,trajectories\synthetic_30_courses_06.json__A__greedy__seed3__run3.json,1,oracle,,0,True,True,False,False
synthetic_30_courses_06.json,medium,A,greedy,4,4,1,23,6,8.149998029693961e-05,0,,,trajectories\synthetic_30_courses_06.json__A__greedy__seed4__run4.json,1,oracle,,0,True,True,False,False
synthetic_30_courses_06.json,medium,A,greedy,5,5,1,23,6,0.0001156000071205,0,,,trajectories\synthetic_30_courses_06.json__A__greedy__seed5__run5.json,1,oracle,,0,True,True,False,False
synthetic_30_courses_06.json,medium,A,a_star,1,1,1,17,5,0.0013401000178419,0,,,trajectories\synthetic_30_courses_06.json__A__a_star__seed1__run1.json,1,oracle,,0,True,True,False,False
synthetic_30_courses_06.json,medium,A,a_star,2,2,1,17,5,0.0013837000005878,0,,,trajectories\synthetic_30_courses_06.json__A__a_star__seed2__run2.json,1,oracle,,0,True,True,False,False
synthetic_30_courses_06.json,medium,A,a_star,3,3,1,17,5,0.0018457999976817,0,,,trajectories\synthetic_30_courses_06.json__A__a_star__seed3__run3.json,1,oracle,,0,True,True,False,False
synthetic_30_courses_06.json,medium,A,a_star,4,4,1,17,5,0.001397399988491,0,,,trajectories\synthetic_30_courses_06.json__A__a_star__seed4__run4.json,1,oracle,,0,True,True,False,False
synthetic_30_courses_06.json,medium,A,a_star,5,5,1,17,5,0.0012892000086139,0,,,trajectories\synthetic_30_courses_06.json__A__a_star__seed5__run5.json,1,oracle,,0,True,True,False,False
synthetic_30_courses_06.json,medium,B,greedy,1,1,1,23,6,7.429998368024826e-05,1,,,trajectories\synthetic_30_courses_06.json__B__greedy__seed1__run1.json,1,auto,,0,True,True,False,True
synthetic_30_courses_06.json,medium,B,greedy,2,2,1,23,6,7.909999112598598e-05,1,,,trajectories\synthetic_30_courses_06.json__B__greedy__seed2__run2.json,1,auto,,0,True,True,False,True
synthetic_30_courses_06.json,medium,B,greedy,3,3,1,23,6,9.620000491850078e-05,1,,,trajectories\synthetic_30_courses_06.json__B__greedy__seed3__run3.json,1,auto,,0,True,True,False,True
synthetic_30_courses_06.json,medium,B,greedy,4,4,1,23,6,0.0001597999944351,1,,,trajectories\synthetic_30_courses_06.json__B__greedy__seed4__run4.json,1,auto,,0,True,True,False,True
synthetic_30_courses_06.json,medium,B,greedy,5,5,1,23,6,0.000184700009413,1,,,trajectories\synthetic_30_courses_06.json__B__greedy__seed5__run5.json,1,auto,,0,True,True,False,True
synthetic_30_courses_06.json,medium,B,a_star,1,1,1,17,5,0.0030743000097572,1,,,trajectories\synthetic_30_courses_06.json__B__a_star__seed1__run1.json,1,auto,,0,True,True,False,True
synthetic_30_courses_06.json,medium,B,a_star,2,2,1,17,5,0.0032943999976851,1,,,trajectories\synthetic_30_courses_06.json__B__a_star__seed2__run2.json,1,auto,,0,True,True,False,True
synthetic_30_courses_06.json,medium,B,a_star,3,3,1,17,5,0.003121599991573,1,,,trajectories\synthetic_30_courses_06.json__B__a_star__seed3__run3.json,1,auto,,0,True,True,False,True
synthetic_30_courses_06.json,medium,B,a_star,4,4,1,17,5,0.0033588999940548,1,,,trajectories\synthetic_30_courses_06.json__B__a_star__seed4__run4.json,1,auto,,0,True,True,False,True
synthetic_30_courses_06.json,medium,B,a_star,5,5,1,17,5,0.0047416999877896,1,,,trajectories\synthetic_30_courses_06.json__B__a_star__seed5__run5.json,1,auto,,0,True,True,False,True
synthetic_30_courses_06.json,medium,C,greedy,1,1,1,23,6,0.000150100007886,1,9.6,0.8,trajectories\synthetic_30_courses_06.json__C__greedy__seed1__run1.json,1,guided,,0,True,True,True,True
synthetic_30_courses_06.json,medium,C,greedy,2,2,1,23,6,0.0001458999759051,1,9.6,0.8,trajectories\synthetic_30_courses_06.json__C__greedy__seed2__run2.json,1,guided,,0,True,True,True,True
synthetic_30_courses_06.json,medium,C,greedy,3,3,1,23,6,0.0001504000101704,1,9.6,0.8,trajectories\synthetic_30_courses_06.json__C__greedy__seed3__run3.json,1,guided,,0,True,True,True,True
synthetic_30_courses_06.json,medium,C,greedy,4,4,1,23,6,0.0001564999984111,1,9.6,0.8,trajectories\synthetic_30_courses_06.json__C__greedy__seed4__run4.json,1,guided,,0,True,True,True,True
synthetic_30_courses_06.json,medium,C,greedy,5,5,1,23,6,0.0001418000028934,1,9.6,0.8,trajectories\synthetic_30_courses_06.json__C__greedy__seed5__run5.json,1,guided,,0,True,True,True,True
synthetic_30_courses_06.json,medium,C,a_star,1,1,1,17,5,0.0032974999921862,1,9.666666666666668,0.8,trajectories\synthetic_30_courses_06.json__C__a_star__seed1__run1.json,1,guided,,0,True,True,True,True
synthetic_30_courses_06.json,medium,C,a_star,2,2,1,17,5,0.0031329000194091,1,9.666666666666668,0.8,trajectories\synthetic_30_courses_06.json__C__a_star__seed2__run2.json,1,guided,,0,True,True,True,True
synthetic_30_courses_06.json,medium,C,a_star,3,3,1,17,5,0.0032201000140048,1,9.666666666666668,0.8,trajectories\synthetic_30_courses_06.json__C__a_star__seed3__run3.json,1,guided,,0,True,True,True,True
synthetic_30_courses_06.json,medium,C,a_star,4,4,1,17,5,0.0043288999877404,1,9.666666666666668,0.8,trajectories\synthetic_30_courses_06.json__C__a_star__seed4__run4.json,1,guided,,0,True,True,True,True
synthetic_30_courses_06.json,medium,C,a_star,5,5,1,17,5,0.0033547000202815,1,9.666666666666668,0.8,trajectories\synthetic_30_courses_06.json__C__a_star__seed5__run5.json,1,guided,,0,True,True,True,True
synthetic_30_courses_06.json,medium,D,greedy,1,1,1,23,6,135.38595959998202,6,,,trajectories\synthetic_30_courses_06.json__D__greedy__seed1__run1.json,1,guided,,0,True,True,False,True
synthetic_30_courses_06.json,medium,D,greedy,2,2,1,23,6,0.1011102000193204,6,,,trajectories\synthetic_30_courses_06.json__D__greedy__seed2__run2.json,1,guided,,0,True,True,False,True
synthetic_30_courses_06.json,medium,D,greedy,3,3,1,23,6,0.1032214000006206,6,,,trajectories\synthetic_30_courses_06.json__D__greedy__seed3__run3.json,1,guided,,0,True,True,False,True
synthetic_30_courses_06.json,medium,D,greedy,4,4,1,23,6,0.0816378000017721,6,,,trajectories\synthetic_30_courses_06.json__D__greedy__seed4__run4.json,1,guided,,0,True,True,False,True
synthetic_30_courses_06.json,medium,D,greedy,5,5,1,23,6,0.0812166000250727,6,,,trajectories\synthetic_30_courses_06.json__D__greedy__seed5__run5.json,1,guided,,0,True,True,False,True
synthetic_30_courses_06.json,medium,D,a_star,1,1,1,23,6,0.0896609000046737,6,,,trajectories\synthetic_30_courses_06.json__D__a_star__seed1__run1.json,1,guided,,0,True,True,False,True
synthetic_30_courses_06.json,medium,D,a_star,2,2,1,23,6,0.0923468999972101,6,,,trajectories\synthetic_30_courses_06.json__D__a_star__seed2__run2.json,1,guided,,0,True,True,False,True
synthetic_30_courses_06.json,medium,D,a_star,3,3,1,23,6,0.0818699999945238,6,,,trajectories\synthetic_30_courses_06.json__D__a_star__seed3__run3.json,1,guided,,0,True,True,False,True
synthetic_30_courses_06.json,medium,D,a_star,4,4,1,23,6,0.0786206999910064,6,,,trajectories\synthetic_30_courses_06.json__D__a_star__seed4__run4.json,1,guided,,0,True,True,False,True
synthetic_30_courses_06.json,medium,D,a_star,5,5,1,23,6,0.0780691000109072,6,,,trajectories\synthetic_30_courses_06.json__D__a_star__seed5__run5.json,1,guided,,0,True,True,False,True
synthetic_30_courses_07.json,medium,A,greedy,1,1,1,10,3,0.0001124999835155,0,,,trajectories\synthetic_30_courses_07.json__A__greedy__seed1__run1.json,1,oracle,,0,True,True,False,False
synthetic_30_courses_07.json,medium,A,greedy,2,2,1,10,3,0.0001173999917227,0,,,trajectories\synthetic_30_courses_07.json__A__greedy__seed2__run2.json,1,oracle,,0,True,True,False,False
synthetic_30_courses_07.json,medium,A,greedy,3,3,1,10,3,0.000168999977177,0,,,trajectories\synthetic_30_courses_07.json__A__greedy__seed3__run3.json,1,oracle,,0,True,True,False,False
synthetic_30_courses_07.json,medium,A,greedy,4,4,1,10,3,0.0001105999981518,0,,,trajectories\synthetic_30_courses_07.json__A__greedy__seed4__run4.json,1,oracle,,0,True,True,False,False
synthetic_30_courses_07.json,medium,A,greedy,5,5,1,10,3,0.0001767000067047,0,,,trajectories\synthetic_30_courses_07.json__A__greedy__seed5__run5.json,1,oracle,,0,True,True,False,False
synthetic_30_courses_07.json,medium,A,a_star,1,1,1,10,3,0.0040579999913461,0,,,trajectories\synthetic_30_courses_07.json__A__a_star__seed1__run1.json,1,oracle,,0,True,True,False,False
synthetic_30_courses_07.json,medium,A,a_star,2,2,1,10,3,0.0025225999997928,0,,,trajectories\synthetic_30_courses_07.json__A__a_star__seed2__run2.json,1,oracle,,0,True,True,False,False
synthetic_30_courses_07.json,medium,A,a_star,3,3,1,10,3,0.0044963999825995,0,,,trajectories\synthetic_30_courses_07.json__A__a_star__seed3__run3.json,1,oracle,,0,True,True,False,False
synthetic_30_courses_07.json,medium,A,a_star,4,4,1,10,3,0.0025014999846462,0,,,trajectories\synthetic_30_courses_07.json__A__a_star__seed4__run4.json,1,oracle,,0,True,True,False,False
synthetic_30_courses_07.json,medium,A,a_star,5,5,1,10,3,0.0042324000096414,0,,,trajectories\synthetic_30_courses_07.json__A__a_star__seed5__run5.json,1,oracle,,0,True,True,False,False
synthetic_30_courses_07.json,medium,B,greedy,1,1,1,10,3,6.749999010935426e-05,1,,,trajectories\synthetic_30_courses_07.json__B__greedy__seed1__run1.json,1,auto,,0,True,True,False,True
synthetic_30_courses_07.json,medium,B,greedy,2,2,1,10,3,9.020001743920147e-05,1,,,trajectories\synthetic_30_courses_07.json__B__greedy__seed2__run2.json,1,auto,,0,True,True,False,True
synthetic_30_courses_07.json,medium,B,greedy,3,3,1,10,3,0.0001180000253953,1,,,trajectories\synthetic_30_courses_07.json__B__greedy__seed3__run3.json,1,auto,,0,True,True,False,True
synthetic_30_courses_07.json,medium,B,greedy,4,4,1,10,3,0.0001062999945133,1,,,trajectories\synthetic_30_courses_07.json__B__greedy__seed4__run4.json,1,auto,,0,True,True,False,True
synthetic_30_courses_07.json,medium,B,greedy,5,5,1,10,3,8.200001320801675e-05,1,,,trajectories\synthetic_30_courses_07.json__B__greedy__seed5__run5.json,1,auto,,0,True,True,False,True
synthetic_30_courses_07.json,medium,B,a_star,1,1,1,10,3,0.0010960999934468,1,,,trajectories\synthetic_30_courses_07.json__B__a_star__seed1__run1.json,1,auto,,0,True,True,False,True
synthetic_30_courses_07.json,medium,B,a_star,2,2,1,10,3,0.0012809000036213,1,,,trajectories\synthetic_30_courses_07.json__B__a_star__seed2__run2.json,1,auto,,0,True,True,False,True
synthetic_30_courses_07.json,medium,B,a_star,3,3,1,10,3,0.0010869999823626,1,,,trajectories\synthetic_30_courses_07.json__B__a_star__seed3__run3.json,1,auto,,0,True,True,False,True
synthetic_30_courses_07.json,medium,B,a_star,4,4,1,10,3,0.0010167000000365,1,,,trajectories\synthetic_30_courses_07.json__B__a_star__seed4__run4.json,1,auto,,0,True,True,False,True
synthetic_30_courses_07.json,medium,B,a_star,5,5,1,10,3,0.0012160000042058,1,,,trajectories\synthetic_30_courses_07.json__B__a_star__seed5__run5.json,1,auto,,0,True,True,False,True
synthetic_30_courses_07.json,medium,C,greedy,1,1,1,10,3,7.730000652372837e-05,1,9.8,0.75,trajectories\synthetic_30_courses_07.json__C__greedy__seed1__run1.json,1,guided,,0,True,True,True,True
synthetic_30_courses_07.json,medium,C,greedy,2,2,1,10,3,5.260002217255533e-05,1,9.8,0.75,trajectories\synthetic_30_courses_07.json__C__greedy__seed2__run2.json,1,guided,,0,True,True,True,True
synthetic_30_courses_07.json,medium,C,greedy,3,3,1,10,3,7.740000728517771e-05,1,9.8,0.75,trajectories\synthetic_30_courses_07.json__C__greedy__seed3__run3.json,1,guided,,0,True,True,True,True
synthetic_30_courses_07.json,medium,C,greedy,4,4,1,10,3,8.960001287050545e-05,1,9.8,0.75,trajectories\synthetic_30_courses_07.json__C__greedy__seed4__run4.json,1,guided,,0,True,True,True,True
synthetic_30_courses_07.json,medium,C,greedy,5,5,1,10,3,0.0001298999995924,1,9.8,0.75,trajectories\synthetic_30_courses_07.json__C__greedy__seed5__run5.json,1,guided,,0,True,True,True,True
synthetic_30_courses_07.json,medium,C,a_star,1,1,1,10,3,0.0012898000131826,1,9.8,0.75,trajectories\synthetic_30_courses_07.json__C__a_star__seed1__run1.json,1,guided,,0,True,True,True,True
synthetic_30_courses_07.json,medium,C,a_star,2,2,1,10,3,0.0012005000025965,1,9.8,0.75,trajectories\synthetic_30_courses_07.json__C__a_star__seed2__run2.json,1,guided,,0,True,True,True,True
synthetic_30_courses_07.json,medium,C,a_star,3,3,1,10,3,0.0010913999867625,1,9.8,0.75,trajectories\synthetic_30_courses_07.json__C__a_star__seed3__run3.json,1,guided,,0,True,True,True,True
synthetic_30_courses_07.json,medium,C,a_star,4,4,1,10,3,0.0010425000218674,1,9.8,0.75,trajectories\synthetic_30_courses_07.json__C__a_star__seed4__run4.json,1,guided,,0,True,True,True,True
synthetic_30_courses_07.json,medium,C,a_star,5,5,1,10,3,0.0017532000201754,1,9.8,0.75,trajectories\synthetic_30_courses_07.json__C__a_star__seed5__run5.json,1,guided,,0,True,True,True,True
synthetic_30_courses_07.json,medium,D,greedy,1,1,1,13,3,79.6182448999898,3,,,trajectories\synthetic_30_courses_07.json__D__greedy__seed1__run1.json,1,guided,,0,True,True,False,True
synthetic_30_courses_07.json,medium,D,greedy,2,2,1,13,3,0.0564176999905612,3,,,trajectories\synthetic_30_courses_07.json__D__greedy__seed2__run2.json,1,guided,,0,True,True,False,True
synthetic_30_courses_07.json,medium,D,greedy,3,3,1,13,3,0.0390199999965261,3,,,trajectories\synthetic_30_courses_07.json__D__greedy__seed3__run3.json,1,guided,,0,True,True,False,True
synthetic_30_courses_07.json,medium,D,greedy,4,4,1,13,3,0.0492453000042587,3,,,trajectories\synthetic_30_courses_07.json__D__greedy__seed4__run4.json,1,guided,,0,True,True,False,True
synthetic_30_courses_07.json,medium,D,greedy,5,5,1,13,3,0.0430863999936264,3,,,trajectories\synthetic_30_courses_07.json__D__greedy__seed5__run5.json,1,guided,,0,True,True,False,True
synthetic_30_courses_07.json,medium,D,a_star,1,1,1,13,3,0.0375553999911062,3,,,trajectories\synthetic_30_courses_07.json__D__a_star__seed1__run1.json,1,guided,,0,True,True,False,True
synthetic_30_courses_07.json,medium,D,a_star,2,2,1,13,3,0.0358436999958939,3,,,trajectories\synthetic_30_courses_07.json__D__a_star__seed2__run2.json,1,guided,,0,True,True,False,True
synthetic_30_courses_07.json,medium,D,a_star,3,3,1,13,3,0.0391687000228557,3,,,trajectories\synthetic_30_courses_07.json__D__a_star__seed3__run3.json,1,guided,,0,True,True,False,True
synthetic_30_courses_07.json,medium,D,a_star,4,4,1,13,3,0.0385171999805606,3,,,trajectories\synthetic_30_courses_07.json__D__a_star__seed4__run4.json,1,guided,,0,True,True,False,True
synthetic_30_courses_07.json,medium,D,a_star,5,5,1,13,3,0.0408938000036869,3,,,trajectories\synthetic_30_courses_07.json__D__a_star__seed5__run5.json,1,guided,,0,True,True,False,True
synthetic_30_courses_08.json,medium,A,greedy,1,1,0,17,5,0.0001564999984111,0,,,trajectories\synthetic_30_courses_08.json__A__greedy__seed1__run1.json,0,oracle,,0,True,False,False,False
synthetic_30_courses_08.json,medium,A,greedy,2,2,0,17,5,0.0002586999908089,0,,,trajectories\synthetic_30_courses_08.json__A__greedy__seed2__run2.json,0,oracle,,0,True,False,False,False
synthetic_30_courses_08.json,medium,A,greedy,3,3,0,17,5,0.0002492999774403,0,,,trajectories\synthetic_30_courses_08.json__A__greedy__seed3__run3.json,0,oracle,,0,True,False,False,False
synthetic_30_courses_08.json,medium,A,greedy,4,4,0,17,5,0.0001896000176202,0,,,trajectories\synthetic_30_courses_08.json__A__greedy__seed4__run4.json,0,oracle,,0,True,False,False,False
synthetic_30_courses_08.json,medium,A,greedy,5,5,0,17,5,0.0001604999997653,0,,,trajectories\synthetic_30_courses_08.json__A__greedy__seed5__run5.json,0,oracle,,0,True,False,False,False
synthetic_30_courses_08.json,medium,A,a_star,1,1,1,19,5,0.0130835000018123,0,,,trajectories\synthetic_30_courses_08.json__A__a_star__seed1__run1.json,1,oracle,,0,True,True,False,False
synthetic_30_courses_08.json,medium,A,a_star,2,2,1,19,5,0.0139577000227291,0,,,trajectories\synthetic_30_courses_08.json__A__a_star__seed2__run2.json,1,oracle,,0,True,True,False,False
synthetic_30_courses_08.json,medium,A,a_star,3,3,1,19,5,0.0134811000025365,0,,,trajectories\synthetic_30_courses_08.json__A__a_star__seed3__run3.json,1,oracle,,0,True,True,False,False
synthetic_30_courses_08.json,medium,A,a_star,4,4,1,19,5,0.0145283000019844,0,,,trajectories\synthetic_30_courses_08.json__A__a_star__seed4__run4.json,1,oracle,,0,True,True,False,False
synthetic_30_courses_08.json,medium,A,a_star,5,5,1,19,5,0.0128361000097356,0,,,trajectories\synthetic_30_courses_08.json__A__a_star__seed5__run5.json,1,oracle,,0,True,True,False,False
synthetic_30_courses_08.json,medium,B,greedy,1,1,0,17,5,7.929999264888465e-05,1,,,trajectories\synthetic_30_courses_08.json__B__greedy__seed1__run1.json,0,auto,,0,True,False,False,True
synthetic_30_courses_08.json,medium,B,greedy,2,2,0,17,5,0.0001127999857999,1,,,trajectories\synthetic_30_courses_08.json__B__greedy__seed2__run2.json,0,auto,,0,True,False,False,True
synthetic_30_courses_08.json,medium,B,greedy,3,3,0,17,5,0.000111300003482,1,,,trajectories\synthetic_30_courses_08.json__B__greedy__seed3__run3.json,0,auto,,0,True,False,False,True
synthetic_30_courses_08.json,medium,B,greedy,4,4,0,17,5,0.0001018999901134,1,,,trajectories\synthetic_30_courses_08.json__B__greedy__seed4__run4.json,0,auto,,0,True,False,False,True
synthetic_30_courses_08.json,medium,B,greedy,5,5,0,17,5,0.0001465000095777,1,,,trajectories\synthetic_30_courses_08.json__B__greedy__seed5__run5.json,0,auto,,0,True,False,False,True
synthetic_30_courses_08.json,medium,B,a_star,1,1,1,19,5,0.0050603999989107,1,,,trajectories\synthetic_30_courses_08.json__B__a_star__seed1__run1.json,1,auto,,0,True,True,False,True
synthetic_30_courses_08.json,medium,B,a_star,2,2,1,19,5,0.0052074000122956,1,,,trajectories\synthetic_30_courses_08.json__B__a_star__seed2__run2.json,1,auto,,0,True,True,False,True
synthetic_30_courses_08.json,medium,B,a_star,3,3,1,19,5,0.0067043000017292,1,,,trajectories\synthetic_30_courses_08.json__B__a_star__seed3__run3.json,1,auto,,0,True,True,False,True
synthetic_30_courses_08.json,medium,B,a_star,4,4,1,19,5,0.0057214999978896,1,,,trajectories\synthetic_30_courses_08.json__B__a_star__seed4__run4.json,1,auto,,0,True,True,False,True
synthetic_30_courses_08.json,medium,B,a_star,5,5,1,19,5,0.0061669999849982,1,,,trajectories\synthetic_30_courses_08.json__B__a_star__seed5__run5.json,1,auto,,0,True,True,False,True
synthetic_30_courses_08.json,medium,C,greedy,1,1,0,17,5,0.0001029999984893,0,,,trajectories\synthetic_30_courses_08.json__C__greedy__seed1__run1.json,0,guided,,0,True,False,False,True
synthetic_30_courses_08.json,medium,C,greedy,2,2,0,17,5,0.000100699980976,0,,,trajectories\synthetic_30_courses_08.json__C__greedy__seed2__run2.json,0,guided,,0,True,False,False,True
synthetic_30_courses_08.json,medium,C,greedy,3,3,0,17,5,0.0001214999938383,0,,,trajectories\synthetic_30_courses_08.json__C__greedy__seed3__run3.json,0,guided,,0,True,False,False,True
synthetic_30_courses_08.json,medium,C,greedy,4,4,0,17,5,0.0001004000077955,0,,,trajectories\synthetic_30_courses_08.json__C__greedy__seed4__run4.json,0,guided,,0,True,False,False,True
synthetic_30_courses_08.json,medium,C,greedy,5,5,0,17,5,0.0001227000029757,0,,,trajectories\synthetic_30_courses_08.json__C__greedy__seed5__run5.json,0,guided,,0,True,False,False,True
synthetic_30_courses_08.json,medium,C,a_star,1,1,1,19,5,0.0051003000116907,1,9.666666666666668,0.75,trajectories\synthetic_30_courses_08.json__C__a_star__seed1__run1.json,1,guided,,0,True,True,True,True
synthetic_30_courses_08.json,medium,C,a_star,2,2,1,19,5,0.0060125999734736,1,9.666666666666668,0.75,trajectories\synthetic_30_courses_08.json__C__a_star__seed2__run2.json,1,guided,,0,True,True,True,True
synthetic_30_courses_08.json,medium,C,a_star,3,3,1,19,5,0.0054903000127524,1,9.666666666666668,0.75,trajectories\synthetic_30_courses_08.json__C__a_star__seed3__run3.json,1,guided,,0,True,True,True,True
synthetic_30_courses_08.json,medium,C,a_star,4,4,1,19,5,0.0055927999783307,1,9.666666666666668,0.75,trajectories\synthetic_30_courses_08.json__C__a_star__seed4__run4.json,1,guided,,0,True,True,True,True
synthetic_30_courses_08.json,medium,C,a_star,5,5,1,19,5,0.0061723999970126,1,9.666666666666668,0.75,trajectories\synthetic_30_courses_08.json__C__a_star__seed5__run5.json,1,guided,,0,True,True,True,True
synthetic_30_courses_08.json,medium,D,greedy,1,1,1,40,11,205.75030489999332,11,,,trajectories\synthetic_30_courses_08.json__D__greedy__seed1__run1.json,1,guided,,0,True,True,False,True
synthetic_30_courses_08.json,medium,D,greedy,2,2,1,40,11,0.1611897999828215,11,,,trajectories\synthetic_30_courses_08.json__D__greedy__seed2__run2.json,1,guided,,0,True,True,False,True
synthetic_30_courses_08.json,medium,D,greedy,3,3,1,40,11,0.137161599996034,11,,,trajectories\synthetic_30_courses_08.json__D__greedy__seed3__run3.json,1,guided,,0,True,True,False,True
synthetic_30_courses_08.json,medium,D,greedy,4,4,1,40,11,0.1379321999847889,11,,,trajectories\synthetic_30_courses_08.json__D__greedy__seed4__run4.json,1,guided,,0,True,True,False,True
synthetic_30_courses_08.json,medium,D,greedy,5,5,1,40,11,0.1512037999927997,11,,,trajectories\synthetic_30_courses_08.json__D__greedy__seed5__run5.json,1,guided,,0,True,True,False,True
synthetic_30_courses_08.json,medium,D,a_star,1,1,1,40,11,0.0966506999975536,11,,,trajectories\synthetic_30_courses_08.json__D__a_star__seed1__run1.json,1,guided,,0,True,True,False,True
synthetic_30_courses_08.json,medium,D,a_star,2,2,1,40,11,0.0632970000151544,11,,,trajectories\synthetic_30_courses_08.json__D__a_star__seed2__run2.json,1,guided,,0,True,True,False,True
synthetic_30_courses_08.json,medium,D,a_star,3,3,1,40,11,0.0628933999978471,11,,,trajectories\synthetic_30_courses_08.json__D__a_star__seed3__run3.json,1,guided,,0,True,True,False,True
synthetic_30_courses_08.json,medium,D,a_star,4,4,1,40,11,0.064315900002839,11,,,trajectories\synthetic_30_courses_08.json__D__a_star__seed4__run4.json,1,guided,,0,True,True,False,True
synthetic_30_courses_08.json,medium,D,a_star,5,5,1,40,11,0.0824586999951861,11,,,trajectories\synthetic_30_courses_08.json__D__a_star__seed5__run5.json,1,guided,,0,True,True,False,True
synthetic_30_courses_09.json,medium,A,greedy,1,1,0,21,5,0.0001840999757405,0,,,trajectories\synthetic_30_courses_09.json__A__greedy__seed1__run1.json,0,oracle,,0,True,False,False,False
synthetic_30_courses_09.json,medium,A,greedy,2,2,0,21,5,8.870000601746142e-05,0,,,trajectories\synthetic_30_courses_09.json__A__greedy__seed2__run2.json,0,oracle,,0,True,False,False,False
synthetic_30_courses_09.json,medium,A,greedy,3,3,0,21,5,0.0001296999980695,0,,,trajectories\synthetic_30_courses_09.json__A__greedy__seed3__run3.json,0,oracle,,0,True,False,False,False
synthetic_30_courses_09.json,medium,A,greedy,4,4,0,21,5,9.289997979067266e-05,0,,,trajectories\synthetic_30_courses_09.json__A__greedy__seed4__run4.json,0,oracle,,0,True,False,False,False
synthetic_30_courses_09.json,medium,A,greedy,5,5,0,21,5,0.0001062999945133,0,,,trajectories\synthetic_30_courses_09.json__A__greedy__seed5__run5.json,0,oracle,,0,True,False,False,False
synthetic_30_courses_09.json,medium,A,a_star,1,1,1,24,6,0.0107040000148117,0,,,trajectories\synthetic_30_courses_09.json__A__a_star__seed1__run1.json,1,oracle,,0,True,True,False,False
synthetic_30_courses_09.json,medium,A,a_star,2,2,1,24,6,0.0102371000102721,0,,,trajectories\synthetic_30_courses_09.json__A__a_star__seed2__run2.json,1,oracle,,0,True,True,False,False
synthetic_30_courses_09.json,medium,A,a_star,3,3,1,24,6,0.0091513999796006,0,,,trajectories\synthetic_30_courses_09.json__A__a_star__seed3__run3.json,1,oracle,,0,True,True,False,False
synthetic_30_courses_09.json,medium,A,a_star,4,4,1,24,6,0.0097083000000566,0,,,trajectories\synthetic_30_courses_09.json__A__a_star__seed4__run4.json,1,oracle,,0,True,True,False,False
synthetic_30_courses_09.json,medium,A,a_star,5,5,1,24,6,0.0109528999892063,0,,,trajectories\synthetic_30_courses_09.json__A__a_star__seed5__run5.json,1,oracle,,0,True,True,False,False
synthetic_30_courses_09.json,medium,B,greedy,1,1,0,21,5,0.0001797000004444,1,,,trajectories\synthetic_30_courses_09.json__B__greedy__seed1__run1.json,0,auto,,0,True,False,False,True
synthetic_30_courses_09.json,medium,B,greedy,2,2,0,21,5,0.0002103000006172,1,,,trajectories\synthetic_30_courses_09.json__B__greedy__seed2__run2.json,0,auto,,0,True,False,False,True
synthetic_30_courses_09.json,medium,B,greedy,3,3,0,21,5,0.0001722000015433,1,,,trajectories\synthetic_30_courses_09.json__B__greedy__seed3__run3.json,0,auto,,0,True,False,False,True
synthetic_30_courses_09.json,medium,B,greedy,4,4,0,21,5,0.0001823999918997,1,,,trajectories\synthetic_30_courses_09.json__B__greedy__seed4__run4.json,0,auto,,0,True,False,False,True
synthetic_30_courses_09.json,medium,B,greedy,5,5,0,21,5,0.0002090999914798,1,,,trajectories\synthetic_30_courses_09.json__B__greedy__seed5__run5.json,0,auto,,0,True,False,False,True
synthetic_30_courses_09.json,medium,B,a_star,1,1,1,24,6,0.0249074000166729,1,,,trajectories\synthetic_30_courses_09.json__B__a_star__seed1__run1.json,1,auto,,0,True,True,False,True
synthetic_30_courses_09.json,medium,B,a_star,2,2,1,24,6,0.0275409999885596,1,,,trajectories\synthetic_30_courses_09.json__B__a_star__seed2__run2.json,1,auto,,0,True,True,False,True
synthetic_30_courses_09.json,medium,B,a_star,3,3,1,24,6,0.0241276000160723,1,,,trajectories\synthetic_30_courses_09.json__B__a_star__seed3__run3.json,1,auto,,0,True,True,False,True
synthetic_30_courses_09.json,medium,B,a_star,4,4,1,24,6,0.024031000008108,1,,,trajectories\synthetic_30_courses_09.json__B__a_star__seed4__run4.json,1,auto,,0,True,True,False,True
synthetic_30_courses_09.json,medium,B,a_star,5,5,1,24,6,0.0242846999899484,1,,,trajectories\synthetic_30_courses_09.json__B__a_star__seed5__run5.json,1,auto,,0,True,True,False,True
synthetic_30_courses_09.json,medium,C,greedy,1,1,0,21,5,0.0002174999972339,0,,,trajectories\synthetic_30_courses_09.json__C__greedy__seed1__run1.json,0,guided,,0,True,False,False,True
synthetic_30_courses_09.json,medium,C,greedy,2,2,0,21,5,0.0001711000222712,0,,,trajectories\synthetic_30_courses_09.json__C__greedy__seed2__run2.json,0,guided,,0,True,False,False,True
synthetic_30_courses_09.json,medium,C,greedy,3,3,0,21,5,0.0001673999940976,0,,,trajectories\synthetic_30_courses_09.json__C__greedy__seed3__run3.json,0,guided,,0,True,False,False,True
synthetic_30_courses_09.json,medium,C,greedy,4,4,0,21,5,0.000262899993686,0,,,trajectories\synthetic_30_courses_09.json__C__greedy__seed4__run4.json,0,guided,,0,True,False,False,True
synthetic_30_courses_09.json,medium,C,greedy,5,5,0,21,5,0.0003466999914962,0,,,trajectories\synthetic_30_courses_09.json__C__greedy__seed5__run5.json,0,guided,,0,True,False,False,True
synthetic_30_courses_09.json,medium,C,a_star,1,1,1,24,6,0.0228282999887596,1,9.6,0.6,trajectories\synthetic_30_courses_09.json__C__a_star__seed1__run1.json,1,guided,,0,True,True,True,True
synthetic_30_courses_09.json,medium,C,a_star,2,2,1,24,6,0.0242722999828401,1,9.6,0.6,trajectories\synthetic_30_courses_09.json__C__a_star__seed2__run2.json,1,guided,,0,True,True,True,True
synthetic_30_courses_09.json,medium,C,a_star,3,3,1,24,6,0.0235223000054247,1,9.6,0.6,trajectories\synthetic_30_courses_09.json__C__a_star__seed3__run3.json,1,guided,,0,True,True,True,True
synthetic_30_courses_09.json,medium,C,a_star,4,4,1,24,6,0.0246927000116556,1,9.6,0.6,trajectories\synthetic_30_courses_09.json__C__a_star__seed4__run4.json,1,guided,,0,True,True,True,True
synthetic_30_courses_09.json,medium,C,a_star,5,5,1,24,6,0.02345909998985,1,9.6,0.6,trajectories\synthetic_30_courses_09.json__C__a_star__seed5__run5.json,1,guided,,0,True,True,True,True
synthetic_30_courses_09.json,medium,D,greedy,1,1,1,51,13,247.008510899992,13,,,trajectories\synthetic_30_courses_09.json__D__greedy__seed1__run1.json,1,guided,,0,True,True,False,True
synthetic_30_courses_09.json,medium,D,greedy,2,2,1,51,13,0.1850413999927695,13,,,trajectories\synthetic_30_courses_09.json__D__greedy__seed2__run2.json,1,guided,,0,True,True,False,True
synthetic_30_courses_09.json,medium,D,greedy,3,3,1,51,13,0.1705648000061046,13,,,trajectories\synthetic_30_courses_09.json__D__greedy__seed3__run3.json,1,guided,,0,True,True,False,True
synthetic_30_courses_09.json,medium,D,greedy,4,4,1,51,13,0.2245107000053394,13,,,trajectories\synthetic_30_courses_09.json__D__greedy__seed4__run4.json,1,guided,,0,True,True,False,True
synthetic_30_courses_09.json,medium,D,greedy,5,5,1,51,13,0.1612539999769069,13,,,trajectories\synthetic_30_courses_09.json__D__greedy__seed5__run5.json,1,guided,,0,True,True,False,True
synthetic_30_courses_09.json,medium,D,a_star,1,1,1,51,13,0.1666679000190924,13,,,trajectories\synthetic_30_courses_09.json__D__a_star__seed1__run1.json,1,guided,,0,True,True,False,True
synthetic_30_courses_09.json,medium,D,a_star,2,2,1,51,13,0.1738304999889806,13,,,trajectories\synthetic_30_courses_09.json__D__a_star__seed2__run2.json,1,guided,,0,True,True,False,True
synthetic_30_courses_09.json,medium,D,a_star,3,3,1,51,13,0.179851900000358,13,,,trajectories\synthetic_30_courses_09.json__D__a_star__seed3__run3.json,1,guided,,0,True,True,False,True
synthetic_30_courses_09.json,medium,D,a_star,4,4,1,51,13,0.163495500019053,13,,,trajectories\synthetic_30_courses_09.json__D__a_star__seed4__run4.json,1,guided,,0,True,True,False,True
synthetic_30_courses_09.json,medium,D,a_star,5,5,1,51,13,0.1817871999810449,13,,,trajectories\synthetic_30_courses_09.json__D__a_star__seed5__run5.json,1,guided,,0,True,True,False,True
synthetic_30_courses_10.json,medium,A,greedy,1,1,1,8,3,0.0001132999896071,0,,,trajectories\synthetic_30_courses_10.json__A__greedy__seed1__run1.json,1,oracle,,0,True,True,False,False
synthetic_30_courses_10.json,medium,A,greedy,2,2,1,8,3,0.0001176000223495,0,,,trajectories\synthetic_30_courses_10.json__A__greedy__seed2__run2.json,1,oracle,,0,True,True,False,False
synthetic_30_courses_10.json,medium,A,greedy,3,3,1,8,3,0.0001678999979048,0,,,trajectories\synthetic_30_courses_10.json__A__greedy__seed3__run3.json,1,oracle,,0,True,True,False,False
synthetic_30_courses_10.json,medium,A,greedy,4,4,1,8,3,0.0001558999938424,0,,,trajectories\synthetic_30_courses_10.json__A__greedy__seed4__run4.json,1,oracle,,0,True,True,False,False
synthetic_30_courses_10.json,medium,A,greedy,5,5,1,8,3,0.0001519999932497,0,,,trajectories\synthetic_30_courses_10.json__A__greedy__seed5__run5.json,1,oracle,,0,True,True,False,False
synthetic_30_courses_10.json,medium,A,a_star,1,1,1,8,3,0.0072665000043343,0,,,trajectories\synthetic_30_courses_10.json__A__a_star__seed1__run1.json,1,oracle,,0,True,True,False,False
synthetic_30_courses_10.json,medium,A,a_star,2,2,1,8,3,0.0061220999923534,0,,,trajectories\synthetic_30_courses_10.json__A__a_star__seed2__run2.json,1,oracle,,0,True,True,False,False
synthetic_30_courses_10.json,medium,A,a_star,3,3,1,8,3,0.0066256999853067,0,,,trajectories\synthetic_30_courses_10.json__A__a_star__seed3__run3.json,1,oracle,,0,True,True,False,False
synthetic_30_courses_10.json,medium,A,a_star,4,4,1,8,3,0.0066560999839566,0,,,trajectories\synthetic_30_courses_10.json__A__a_star__seed4__run4.json,1,oracle,,0,True,True,False,False
synthetic_30_courses_10.json,medium,A,a_star,5,5,1,8,3,0.0063811000145506,0,,,trajectories\synthetic_30_courses_10.json__A__a_star__seed5__run5.json,1,oracle,,0,True,True,False,False
synthetic_30_courses_10.json,medium,B,greedy,1,1,1,8,3,0.0001878000039141,1,,,trajectories\synthetic_30_courses_10.json__B__greedy__seed1__run1.json,1,auto,,0,True,True,False,True
synthetic_30_courses_10.json,medium,B,greedy,2,2,1,8,3,0.0001973999897018,1,,,trajectories\synthetic_30_courses_10.json__B__greedy__seed2__run2.json,1,auto,,0,True,True,False,True
synthetic_30_courses_10.json,medium,B,greedy,3,3,1,8,3,0.0001313000102527,1,,,trajectories\synthetic_30_courses_10.json__B__greedy__seed3__run3.json,1,auto,,0,True,True,False,True
synthetic_30_courses_10.json,medium,B,greedy,4,4,1,8,3,0.0001269000058528,1,,,trajectories\synthetic_30_courses_10.json__B__greedy__seed4__run4.json,1,auto,,0,True,True,False,True
synthetic_30_courses_10.json,medium,B,greedy,5,5,1,8,3,0.0001368999946862,1,,,trajectories\synthetic_30_courses_10.json__B__greedy__seed5__run5.json,1,auto,,0,True,True,False,True
synthetic_30_courses_10.json,medium,B,a_star,1,1,1,8,3,0.0026627000188454,1,,,trajectories\synthetic_30_courses_10.json__B__a_star__seed1__run1.json,1,auto,,0,True,True,False,True
synthetic_30_courses_10.json,medium,B,a_star,2,2,1,8,3,0.0038401999918278,1,,,trajectories\synthetic_30_courses_10.json__B__a_star__seed2__run2.json,1,auto,,0,True,True,False,True
synthetic_30_courses_10.json,medium,B,a_star,3,3,1,8,3,0.0024552999821025,1,,,trajectories\synthetic_30_courses_10.json__B__a_star__seed3__run3.json,1,auto,,0,True,True,False,True
synthetic_30_courses_10.json,medium,B,a_star,4,4,1,8,3,0.0028529999835882,1,,,trajectories\synthetic_30_courses_10.json__B__a_star__seed4__run4.json,1,auto,,0,True,True,False,True
synthetic_30_courses_10.json,medium,B,a_star,5,5,1,8,3,0.0037562999932561,1,,,trajectories\synthetic_30_courses_10.json__B__a_star__seed5__run5.json,1,auto,,0,True,True,False,True
synthetic_30_courses_10.json,medium,C,greedy,1,1,1,8,3,5.34999999217689e-05,1,9.8,0.85,trajectories\synthetic_30_courses_10.json__C__greedy__seed1__run1.json,1,guided,,0,True,True,True,True
synthetic_30_courses_10.json,medium,C,greedy,2,2,1,8,3,0.0001204000145662,1,9.8,0.85,trajectories\synthetic_30_courses_10.json__C__greedy__seed2__run2.json,1,guided,,0,True,True,True,True
synthetic_30_courses_10.json,medium,C,greedy,3,3,1,8,3,0.0001135999918915,1,9.8,0.85,trajectories\synthetic_30_courses_10.json__C__greedy__seed3__run3.json,1,guided,,0,True,True,True,True
synthetic_30_courses_10.json,medium,C,greedy,4,4,1,8,3,0.0001300000003539,1,9.8,0.85,trajectories\synthetic_30_courses_10.json__C__greedy__seed4__run4.json,1,guided,,0,True,True,True,True
synthetic_30_courses_10.json,medium,C,greedy,5,5,1,8,3,0.0001727000053506,1,9.8,0.85,trajectories\synthetic_30_courses_10.json__C__greedy__seed5__run5.json,1,guided,,0,True,True,True,True
synthetic_30_courses_10.json,medium,C,a_star,1,1,1,8,3,0.0069861999945715,1,9.8,0.85,trajectories\synthetic_30_courses_10.json__C__a_star__seed1__run1.json,1,guided,,0,True,True,True,True
synthetic_30_courses_10.json,medium,C,a_star,2,2,1,8,3,0.0070619999896734,1,9.8,0.85,trajectories\synthetic_30_courses_10.json__C__a_star__seed2__run2.json,1,guided,,0,True,True,True,True
synthetic_30_courses_10.json,medium,C,a_star,3,3,1,8,3,0.0066274999990127,1,9.8,0.85,trajectories\synthetic_30_courses_10.json__C__a_star__seed3__run3.json,1,guided,,0,True,True,True,True
synthetic_30_courses_10.json,medium,C,a_star,4,4,1,8,3,0.0061510000086855,1,9.8,0.85,trajectories\synthetic_30_courses_10.json__C__a_star__seed4__run4.json,1,guided,,0,True,True,True,True
synthetic_30_courses_10.json,medium,C,a_star,5,5,1,8,3,0.0088881000119727,1,9.8,0.85,trajectories\synthetic_30_courses_10.json__C__a_star__seed5__run5.json,1,guided,,0,True,True,True,True
synthetic_30_courses_10.json,medium,D,greedy,1,1,1,8,3,61.04761619999772,3,,,trajectories\synthetic_30_courses_10.json__D__greedy__seed1__run1.json,1,guided,,0,True,True,False,True
synthetic_30_courses_10.json,medium,D,greedy,2,2,1,8,3,0.0707671999989543,3,,,trajectories\synthetic_30_courses_10.json__D__greedy__seed2__run2.json,1,guided,,0,True,True,False,True
synthetic_30_courses_10.json,medium,D,greedy,3,3,1,8,3,0.0388598999998066,3,,,trajectories\synthetic_30_courses_10.json__D__greedy__seed3__run3.json,1,guided,,0,True,True,False,True
synthetic_30_courses_10.json,medium,D,greedy,4,4,1,8,3,0.0409005999972578,3,,,trajectories\synthetic_30_courses_10.json__D__greedy__seed4__run4.json,1,guided,,0,True,True,False,True
synthetic_30_courses_10.json,medium,D,greedy,5,5,1,8,3,0.0399926000100094,3,,,trajectories\synthetic_30_courses_10.json__D__greedy__seed5__run5.json,1,guided,,0,True,True,False,True
synthetic_30_courses_10.json,medium,D,a_star,1,1,1,8,3,0.0402847999939695,3,,,trajectories\synthetic_30_courses_10.json__D__a_star__seed1__run1.json,1,guided,,0,True,True,False,True
synthetic_30_courses_10.json,medium,D,a_star,2,2,1,8,3,0.041656299988972,3,,,trajectories\synthetic_30_courses_10.json__D__a_star__seed2__run2.json,1,guided,,0,True,True,False,True
synthetic_30_courses_10.json,medium,D,a_star,3,3,1,8,3,0.0432362999999895,3,,,trajectories\synthetic_30_courses_10.json__D__a_star__seed3__run3.json,1,guided,,0,True,True,False,True
synthetic_30_courses_10.json,medium,D,a_star,4,4,1,8,3,0.0406707000220194,3,,,trajectories\synthetic_30_courses_10.json__D__a_star__seed4__run4.json,1,guided,,0,True,True,False,True
synthetic_30_courses_10.json,medium,D,a_star,5,5,1,8,3,0.0419703999941702,3,,,trajectories\synthetic_30_courses_10.json__D__a_star__seed5__run5.json,1,guided,,0,True,True,False,True
synthetic_100_courses_01.json,large,A,greedy,1,1,0,52,14,0.0008335000020451,0,,,trajectories\synthetic_100_courses_01.json__A__greedy__seed1__run1.json,0,oracle,,0,True,False,False,False
synthetic_100_courses_01.json,large,A,greedy,2,2,0,52,14,0.0009252999734599,0,,,trajectories\synthetic_100_courses_01.json__A__greedy__seed2__run2.json,0,oracle,,0,True,False,False,False
synthetic_100_courses_01.json,large,A,greedy,3,3,0,52,14,0.0007921000069472,0,,,trajectories\synthetic_100_courses_01.json__A__greedy__seed3__run3.json,0,oracle,,0,True,False,False,False
synthetic_100_courses_01.json,large,A,greedy,4,4,0,52,14,0.0011362999794073,0,,,trajectories\synthetic_100_courses_01.json__A__greedy__seed4__run4.json,0,oracle,,0,True,False,False,False
synthetic_100_courses_01.json,large,A,greedy,5,5,0,52,14,0.001148799987277,0,,,trajectories\synthetic_100_courses_01.json__A__greedy__seed5__run5.json,0,oracle,,0,True,False,False,False
synthetic_100_courses_01.json,large,A,a_star,1,1,1,32,8,7.935323300014716,0,,,trajectories\synthetic_100_courses_01.json__A__a_star__seed1__run1.json,1,oracle,,0,True,True,False,False
synthetic_100_courses_01.json,large,A,a_star,2,2,1,32,8,7.273814499989385,0,,,trajectories\synthetic_100_courses_01.json__A__a_star__seed2__run2.json,1,oracle,,0,True,True,False,False
synthetic_100_courses_01.json,large,A,a_star,3,3,1,32,8,7.073122800007695,0,,,trajectories\synthetic_100_courses_01.json__A__a_star__seed3__run3.json,1,oracle,,0,True,True,False,False
synthetic_100_courses_01.json,large,A,a_star,4,4,1,32,8,7.0475628999993205,0,,,trajectories\synthetic_100_courses_01.json__A__a_star__seed4__run4.json,1,oracle,,0,True,True,False,False
synthetic_100_courses_01.json,large,A,a_star,5,5,1,32,8,7.061658000020543,0,,,trajectories\synthetic_100_courses_01.json__A__a_star__seed5__run5.json,1,oracle,,0,True,True,False,False
synthetic_100_courses_01.json,large,B,greedy,1,1,0,52,14,0.0004431999986991,1,,,trajectories\synthetic_100_courses_01.json__B__greedy__seed1__run1.json,0,auto,,0,True,False,False,True
synthetic_100_courses_01.json,large,B,greedy,2,2,0,52,14,0.0005441999819595,1,,,trajectories\synthetic_100_courses_01.json__B__greedy__seed2__run2.json,0,auto,,0,True,False,False,True
synthetic_100_courses_01.json,large,B,greedy,3,3,0,52,14,0.0004148000152781,1,,,trajectories\synthetic_100_courses_01.json__B__greedy__seed3__run3.json,0,auto,,0,True,False,False,True
synthetic_100_courses_01.json,large,B,greedy,4,4,0,52,14,0.0004143999831285,1,,,trajectories\synthetic_100_courses_01.json__B__greedy__seed4__run4.json,0,auto,,0,True,False,False,True
synthetic_100_courses_01.json,large,B,greedy,5,5,0,52,14,0.0005871000175829,1,,,trajectories\synthetic_100_courses_01.json__B__greedy__seed5__run5.json,0,auto,,0,True,False,False,True
synthetic_100_courses_01.json,large,B,a_star,1,1,1,32,8,7.096697300003143,1,,,trajectories\synthetic_100_courses_01.json__B__a_star__seed1__run1.json,1,auto,,0,True,True,False,True
synthetic_100_courses_01.json,large,B,a_star,2,2,1,32,8,7.049769999983255,1,,,trajectories\synthetic_100_courses_01.json__B__a_star__seed2__run2.json,1,auto,,0,True,True,False,True
synthetic_100_courses_01.json,large,B,a_star,3,3,1,32,8,7.0286475000029895,1,,,trajectories\synthetic_100_courses_01.json__B__a_star__seed3__run3.json,1,auto,,0,True,True,False,True
synthetic_100_courses_01.json,large,B,a_star,4,4,1,32,8,7.350079800002277,1,,,trajectories\synthetic_100_courses_01.json__B__a_star__seed4__run4.json,1,auto,,0,True,True,False,True
synthetic_100_courses_01.json,large,B,a_star,5,5,1,32,8,7.122410099982517,1,,,trajectories\synthetic_100_courses_01.json__B__a_star__seed5__run5.json,1,auto,,0,True,True,False,True
synthetic_100_courses_01.json,large,C,greedy,1,1,0,52,14,0.0008532000065315,0,,,trajectories\synthetic_100_courses_01.json__C__greedy__seed1__run1.json,0,guided,,0,True,False,False,True
synthetic_100_courses_01.json,large,C,greedy,2,2,0,52,14,0.0009480000007897,0,,,trajectories\synthetic_100_courses_01.json__C__greedy__seed2__run2.json,0,guided,,0,True,False,False,True
synthetic_100_courses_01.json,large,C,greedy,3,3,0,52,14,0.0004145000129938,0,,,trajectories\synthetic_100_courses_01.json__C__greedy__seed3__run3.json,0,guided,,0,True,False,False,True
synthetic_100_courses_01.json,large,C,greedy,4,4,0,52,14,0.0007366999925579,0,,,trajectories\synthetic_100_courses_01.json__C__greedy__seed4__run4.json,0,guided,,0,True,False,False,True
synthetic_100_courses_01.json,large,C,greedy,5,5,0,52,14,0.0004184000135865,0,,,trajectories\synthetic_100_courses_01.json__C__greedy__seed5__run5.json,0,guided,,0,True,False,False,True
synthetic_100_courses_01.json,large,C,a_star,1,1,1,32,8,7.098623600002611,1,9.840000000000002,,trajectories\synthetic_100_courses_01.json__C__a_star__seed1__run1.json,1,guided,,0,True,True,False,True
synthetic_100_courses_01.json,large,C,a_star,2,2,1,32,8,7.170359999989159,1,9.840000000000002,,trajectories\synthetic_100_courses_01.json__C__a_star__seed2__run2.json,1,guided,,0,True,True,False,True
synthetic_100_courses_01.json,large,C,a_star,3,3,1,32,8,7.014689999981783,1,9.840000000000002,,trajectories\synthetic_100_courses_01.json__C__a_star__seed3__run3.json,1,guided,,0,True,True,False,True
synthetic_100_courses_01.json,large,C,a_star,4,4,1,32,8,7.244726000004448,1,9.840000000000002,,trajectories\synthetic_100_courses_01.json__C__a_star__seed4__run4.json,1,guided,,0,True,True,False,True
synthetic_100_courses_01.json,large,C,a_star,5,5,1,32,8,7.038464799989015,1,9.840000000000002,,trajectories\synthetic_100_courses_01.json__C__a_star__seed5__run5.json,1,guided,,0,True,True,False,True
synthetic_100_courses_01.json,large,D,greedy,1,1,1,131,35,521.0284892999916,35,,,trajectories\synthetic_100_courses_01.json__D__greedy__seed1__run1.json,1,guided,,0,True,True,False,True
synthetic_100_courses_01.json,large,D,greedy,2,2,1,82,23,243.7708706999838,23,,,trajectories\synthetic_100_courses_01.json__D__greedy__seed2__run2.json,1,guided,,0,True,True,False,True
synthetic_100_courses_01.json,large,D,greedy,3,3,1,82,23,0.372886400000425,23,,,trajectories\synthetic_100_courses_01.json__D__greedy__seed3__run3.json,1,guided,,0,True,True,False,True
synthetic_100_courses_01.json,large,D,greedy,4,4,1,82,23,0.3364735999784898,23,,,trajectories\synthetic_100_courses_01.json__D__greedy__seed4__run4.json,1,guided,,0,True,True,False,True
synthetic_100_courses_01.json,large,D,greedy,5,5,1,82,23,0.3263495000137482,23,,,trajectories\synthetic_100_courses_01.json__D__greedy__seed5__run5.json,1,guided,,0,True,True,False,True
synthetic_100_courses_01.json,large,D,a_star,1,1,1,131,35,0.4688939999905415,35,,,trajectories\synthetic_100_courses_01.json__D__a_star__seed1__run1.json,1,guided,,0,True,True,False,True
synthetic_100_courses_01.json,large,D,a_star,2,2,1,82,23,0.3573835999995935,23,,,trajectories\synthetic_100_courses_01.json__D__a_star__seed2__run2.json,1,guided,,0,True,True,False,True
synthetic_100_courses_01.json,large,D,a_star,3,3,1,82,23,0.3073009999934584,23,,,trajectories\synthetic_100_courses_01.json__D__a_star__seed3__run3.json,1,guided,,0,True,True,False,True
synthetic_100_courses_01.json,large,D,a_star,4,4,1,82,23,0.2699929999944288,23,,,trajectories\synthetic_100_courses_01.json__D__a_star__seed4__run4.json,1,guided,,0,True,True,False,True
synthetic_100_courses_01.json,large,D,a_star,5,5,1,82,23,0.157478400011314,23,,,trajectories\synthetic_100_courses_01.json__D__a_star__seed5__run5.json,1,guided,,0,True,True,False,True
synthetic_100_courses_02.json,large,A,greedy,1,1,1,23,7,0.000246599985985,0,,,trajectories\synthetic_100_courses_02.json__A__greedy__seed1__run1.json,1,oracle,,0,True,True,False,False
synthetic_100_courses_02.json,large,A,greedy,2,2,1,23,7,0.0002310999843757,0,,,trajectories\synthetic_100_courses_02.json__A__greedy__seed2__run2.json,1,oracle,,0,True,True,False,False
synthetic_100_courses_02.json,large,A,greedy,3,3,1,23,7,0.0002494999789632,0,,,trajectories\synthetic_100_courses_02.json__A__greedy__seed3__run3.json,1,oracle,,0,True,True,False,False
synthetic_100_courses_02.json,large,A,greedy,4,4,1,23,7,0.0002846000134013,0,,,trajectories\synthetic_100_courses_02.json__A__greedy__seed4__run4.json,1,oracle,,0,True,True,False,False
synthetic_100_courses_02.json,large,A,greedy,5,5,1,23,7,0.0001935999898705,0,,,trajectories\synthetic_100_courses_02.json__A__greedy__seed5__run5.json,1,oracle,,0,True,True,False,False
synthetic_100_courses_02.json,large,A,a_star,1,1,1,20,6,0.1175838999915868,0,,,trajectories\synthetic_100_courses_02.json__A__a_star__seed1__run1.json,1,oracle,,0,True,True,False,False
synthetic_100_courses_02.json,large,A,a_star,2,2,1,20,6,0.1110031999996863,0,,,trajectories\synthetic_100_courses_02.json__A__a_star__seed2__run2.json,1,oracle,,0,True,True,False,False
synthetic_100_courses_02.json,large,A,a_star,3,3,1,20,6,0.1074320999905467,0,,,trajectories\synthetic_100_courses_02.json__A__a_star__seed3__run3.json,1,oracle,,0,True,True,False,False
synthetic_100_courses_02.json,large,A,a_star,4,4,1,20,6,0.1073373999970499,0,,,trajectories\synthetic_100_courses_02.json__A__a_star__seed4__run4.json,1,oracle,,0,True,True,False,False
synthetic_100_courses_02.json,large,A,a_star,5,5,1,20,6,0.109026599995559,0,,,trajectories\synthetic_100_courses_02.json__A__a_star__seed5__run5.json,1,oracle,,0,True,True,False,False
synthetic_100_courses_02.json,large,B,greedy,1,1,1,23,7,0.0002137999981641,1,,,trajectories\synthetic_100_courses_02.json__B__greedy__seed1__run1.json,1,auto,,0,True,True,False,True
synthetic_100_courses_02.json,large,B,greedy,2,2,1,23,7,0.0002371000009588,1,,,trajectories\synthetic_100_courses_02.json__B__greedy__seed2__run2.json,1,auto,,0,True,True,False,True
synthetic_100_courses_02.json,large,B,greedy,3,3,1,23,7,0.0002235000138171,1,,,trajectories\synthetic_100_courses_02.json__B__greedy__seed3__run3.json,1,auto,,0,True,True,False,True
synthetic_100_courses_02.json,large,B,greedy,4,4,1,23,7,0.0002557999978307,1,,,trajectories\synthetic_100_courses_02.json__B__greedy__seed4__run4.json,1,auto,,0,True,True,False,True
synthetic_100_courses_02.json,large,B,greedy,5,5,1,23,7,0.0003430999931879,1,,,trajectories\synthetic_100_courses_02.json__B__greedy__seed5__run5.json,1,auto,,0,True,True,False,True
synthetic_100_courses_02.json,large,B,a_star,1,1,1,20,6,0.1104516999912448,1,,,trajectories\synthetic_100_courses_02.json__B__a_star__seed1__run1.json,1,auto,,0,True,True,False,True
synthetic_100_courses_02.json,large,B,a_star,2,2,1,20,6,0.1210229999851435,1,,,trajectories\synthetic_100_courses_02.json__B__a_star__seed2__run2.json,1,auto,,0,True,True,False,True
synthetic_100_courses_02.json,large,B,a_star,3,3,1,20,6,0.1142841000109911,1,,,trajectories\synthetic_100_courses_02.json__B__a_star__seed3__run3.json,1,auto,,0,True,True,False,True
synthetic_100_courses_02.json,large,B,a_star,4,4,1,20,6,0.1124162999913096,1,,,trajectories\synthetic_100_courses_02.json__B__a_star__seed4__run4.json,1,auto,,0,True,True,False,True
synthetic_100_courses_02.json,large,B,a_star,5,5,1,20,6,0.1721239000034984,1,,,trajectories\synthetic_100_courses_02.json__B__a_star__seed5__run5.json,1,auto,,0,True,True,False,True
synthetic_100_courses_02.json,large,C,greedy,1,1,1,23,7,0.0004555000050459,1,9.86,0.6,trajectories\synthetic_100_courses_02.json__C__greedy__seed1__run1.json,1,guided,,0,True,True,True,True
synthetic_100_courses_02.json,large,C,greedy,2,2,1,23,7,0.0002321999927517,1,9.86,0.6,trajectories\synthetic_100_courses_02.json__C__greedy__seed2__run2.json,1,guided,,0,True,True,True,True
synthetic_100_courses_02.json,large,C,greedy,3,3,1,23,7,0.000270399992587,1,9.86,0.6,trajectories\synthetic_100_courses_02.json__C__greedy__seed3__run3.json,1,guided,,0,True,True,True,True
synthetic_100_courses_02.json,large,C,greedy,4,4,1,23,7,0.000242399983108,1,9.86,0.6,trajectories\synthetic_100_courses_02.json__C__greedy__seed4__run4.json,1,guided,,0,True,True,True,True
synthetic_100_courses_02.json,large,C,greedy,5,5,1,23,7,0.0002051999908871,1,9.86,0.6,trajectories\synthetic_100_courses_02.json__C__greedy__seed5__run5.json,1,guided,,0,True,True,True,True
synthetic_100_courses_02.json,large,C,a_star,1,1,1,20,6,0.1107729999930597,1,9.88,0.6,trajectories\synthetic_100_courses_02.json__C__a_star__seed1__run1.json,1,guided,,0,True,True,True,True
synthetic_100_courses_02.json,large,C,a_star,2,2,1,20,6,0.2838029999984428,1,9.88,0.6,trajectories\synthetic_100_courses_02.json__C__a_star__seed2__run2.json,1,guided,,0,True,True,True,True
synthetic_100_courses_02.json,large,C,a_star,3,3,1,20,6,0.1092474000179208,1,9.88,0.6,trajectories\synthetic_100_courses_02.json__C__a_star__seed3__run3.json,1,guided,,0,True,True,True,True
synthetic_100_courses_02.json,large,C,a_star,4,4,1,20,6,0.1127674000163097,1,9.88,0.6,trajectories\synthetic_100_courses_02.json__C__a_star__seed4__run4.json,1,guided,,0,True,True,True,True
synthetic_100_courses_02.json,large,C,a_star,5,5,1,20,6,0.1743623000220395,1,9.88,0.6,trajectories\synthetic_100_courses_02.json__C__a_star__seed5__run5.json,1,guided,,0,True,True,True,True
synthetic_100_courses_02.json,large,D,greedy,1,1,1,42,12,241.49088600001411,12,,,trajectories\synthetic_100_courses_02.json__D__greedy__seed1__run1.json,1,guided,,0,True,True,False,True
synthetic_100_courses_02.json,large,D,greedy,2,2,1,42,12,0.1917201000032946,12,,,trajectories\synthetic_100_courses_02.json__D__greedy__seed2__run2.json,1,guided,,0,True,True,False,True
synthetic_100_courses_02.json,large,D,greedy,3,3,1,42,12,0.0930847999989055,12,,,trajectories\synthetic_100_courses_02.json__D__greedy__seed3__run3.json,1,guided,,0,True,True,False,True
synthetic_100_courses_02.json,large,D,greedy,4,4,1,42,12,0.0778376999951433,12,,,trajectories\synthetic_100_courses_02.json__D__greedy__seed4__run4.json,1,guided,,0,True,True,False,True
synthetic_100_courses_02.json,large,D,greedy,5,5,1,42,12,0.0910841999866534,12,,,trajectories\synthetic_100_courses_02.json__D__greedy__seed5__run5.json,1,guided,,0,True,True,False,True
synthetic_100_courses_02.json,large,D,a_star,1,1,1,42,12,0.0799945000035222,12,,,trajectories\synthetic_100_courses_02.json__D__a_star__seed1__run1.json,1,guided,,0,True,True,False,True
synthetic_100_courses_02.json,large,D,a_star,2,2,1,42,12,0.083722100011073,12,,,trajectories\synthetic_100_courses_02.json__D__a_star__seed2__run2.json,1,guided,,0,True,True,False,True
synthetic_100_courses_02.json,large,D,a_star,3,3,1,42,12,0.0757364999735727,12,,,trajectories\synthetic_100_courses_02.json__D__a_star__seed3__run3.json,1,guided,,0,True,True,False,True
synthetic_100_courses_02.json,large,D,a_star,4,4,1,42,12,0.0750286999973468,12,,,trajectories\synthetic_100_courses_02.json__D__a_star__seed4__run4.json,1,guided,,0,True,True,False,True
synthetic_100_courses_02.json,large,D,a_star,5,5,1,42,12,0.0867050000233575,12,,,trajectories\synthetic_100_courses_02.json__D__a_star__seed5__run5.json,1,guided,,0,True,True,False,True
synthetic_100_courses_03.json,large,A,greedy,1,1,1,19,5,0.0001885000092443,0,,,trajectories\synthetic_100_courses_03.json__A__greedy__seed1__run1.json,1,oracle,,0,True,True,False,False
synthetic_100_courses_03.json,large,A,greedy,2,2,1,19,5,0.0002036000078078,0,,,trajectories\synthetic_100_courses_03.json__A__greedy__seed2__run2.json,1,oracle,,0,True,True,False,False
synthetic_100_courses_03.json,large,A,greedy,3,3,1,19,5,0.000242000009166,0,,,trajectories\synthetic_100_courses_03.json__A__greedy__seed3__run3.json,1,oracle,,0,True,True,False,False
synthetic_100_courses_03.json,large,A,greedy,4,4,1,19,5,0.0001817000156734,0,,,trajectories\synthetic_100_courses_03.json__A__greedy__seed4__run4.json,1,oracle,,0,True,True,False,False
synthetic_100_courses_03.json,large,A,greedy,5,5,1,19,5,0.0001271000073757,0,,,trajectories\synthetic_100_courses_03.json__A__greedy__seed5__run5.json,1,oracle,,0,True,True,False,False
synthetic_100_courses_03.json,large,A,a_star,1,1,1,18,4,0.0585498000145889,0,,,trajectories\synthetic_100_courses_03.json__A__a_star__seed1__run1.json,1,oracle,,0,True,True,False,False
synthetic_100_courses_03.json,large,A,a_star,2,2,1,18,4,0.0532285000081174,0,,,trajectories\synthetic_100_courses_03.json__A__a_star__seed2__run2.json,1,oracle,,0,True,True,False,False
synthetic_100_courses_03.json,large,A,a_star,3,3,1,18,4,0.0535950999765191,0,,,trajectories\synthetic_100_courses_03.json__A__a_star__seed3__run3.json,1,oracle,,0,True,True,False,False
synthetic_100_courses_03.json,large,A,a_star,4,4,1,18,4,0.0560215000004973,0,,,trajectories\synthetic_100_courses_03.json__A__a_star__seed4__run4.json,1,oracle,,0,True,True,False,False
synthetic_100_courses_03.json,large,A,a_star,5,5,1,18,4,0.0563102999876719,0,,,trajectories\synthetic_100_courses_03.json__A__a_star__seed5__run5.json,1,oracle,,0,True,True,False,False
synthetic_100_courses_03.json,large,B,greedy,1,1,1,19,5,0.0003192999865859,1,,,trajectories\synthetic_100_courses_03.json__B__greedy__seed1__run1.json,1,auto,,0,True,True,False,True
synthetic_100_courses_03.json,large,B,greedy,2,2,1,19,5,0.0003440999716985,1,,,trajectories\synthetic_100_courses_03.json__B__greedy__seed2__run2.json,1,auto,,0,True,True,False,True
synthetic_100_courses_03.json,large,B,greedy,3,3,1,19,5,0.0005215000128373,1,,,trajectories\synthetic_100_courses_03.json__B__greedy__seed3__run3.json,1,auto,,0,True,True,False,True
synthetic_100_courses_03.json,large,B,greedy,4,4,1,19,5,0.0003674999752547,1,,,trajectories\synthetic_100_courses_03.json__B__greedy__seed4__run4.json,1,auto,,0,True,True,False,True
synthetic_100_courses_03.json,large,B,greedy,5,5,1,19,5,0.0004653000214602,1,,,trajectories\synthetic_100_courses_03.json__B__greedy__seed5__run5.json,1,auto,,0,True,True,False,True
synthetic_100_courses_03.json,large,B,a_star,1,1,1,18,4,0.1323274000023957,1,,,trajectories\synthetic_100_courses_03.json__B__a_star__seed1__run1.json,1,auto,,0,True,True,False,True
synthetic_100_courses_03.json,large,B,a_star,2,2,1,18,4,0.1246651000110432,1,,,trajectories\synthetic_100_courses_03.json__B__a_star__seed2__run2.json,1,auto,,0,True,True,False,True
synthetic_100_courses_03.json,large,B,a_star,3,3,1,18,4,0.1252742999931797,1,,,trajectories\synthetic_100_courses_03.json__B__a_star__seed3__run3.json,1,auto,,0,True,True,False,True
synthetic_100_courses_03.json,large,B,a_star,4,4,1,18,4,0.1261329999833833,1,,,trajectories\synthetic_100_courses_03.json__B__a_star__seed4__run4.json,1,auto,,0,True,True,False,True
synthetic_100_courses_03.json,large,B,a_star,5,5,1,18,4,0.1270133999933023,1,,,trajectories\synthetic_100_courses_03.json__B__a_star__seed5__run5.json,1,auto,,0,True,True,False,True
synthetic_100_courses_03.json,large,C,greedy,1,1,1,19,5,0.0004765999910887,1,9.9,3.2,trajectories\synthetic_100_courses_03.json__C__greedy__seed1__run1.json,1,guided,,0,True,True,True,True
synthetic_100_courses_03.json,large,C,greedy,2,2,1,19,5,0.0001430000120308,1,9.9,3.2,trajectories\synthetic_100_courses_03.json__C__greedy__seed2__run2.json,1,guided,,0,True,True,True,True
synthetic_100_courses_03.json,large,C,greedy,3,3,1,19,5,0.0002479999966453,1,9.9,3.2,trajectories\synthetic_100_courses_03.json__C__greedy__seed3__run3.json,1,guided,,0,True,True,True,True
synthetic_100_courses_03.json,large,C,greedy,4,4,1,19,5,0.0002161999873351,1,9.9,3.2,trajectories\synthetic_100_courses_03.json__C__greedy__seed4__run4.json,1,guided,,0,True,True,True,True
synthetic_100_courses_03.json,large,C,greedy,5,5,1,19,5,0.0001996000064536,1,9.9,3.2,trajectories\synthetic_100_courses_03.json__C__greedy__seed5__run5.json,1,guided,,0,True,True,True,True
synthetic_100_courses_03.json,large,C,a_star,1,1,1,18,4,0.0541019999946001,1,9.92,0.75,trajectories\synthetic_100_courses_03.json__C__a_star__seed1__run1.json,1,guided,,0,True,True,True,True
synthetic_100_courses_03.json,large,C,a_star,2,2,1,18,4,0.1270608999766409,1,9.92,0.75,trajectories\synthetic_100_courses_03.json__C__a_star__seed2__run2.json,1,guided,,0,True,True,True,True
synthetic_100_courses_03.json,large,C,a_star,3,3,1,18,4,0.125175199995283,1,9.92,0.75,trajectories\synthetic_100_courses_03.json__C__a_star__seed3__run3.json,1,guided,,0,True,True,True,True
synthetic_100_courses_03.json,large,C,a_star,4,4,1,18,4,0.1257069999992381,1,9.92,0.75,trajectories\synthetic_100_courses_03.json__C__a_star__seed4__run4.json,1,guided,,0,True,True,True,True
synthetic_100_courses_03.json,large,C,a_star,5,5,1,18,4,0.1249548000050708,1,9.92,0.75,trajectories\synthetic_100_courses_03.json__C__a_star__seed5__run5.json,1,guided,,0,True,True,True,True
synthetic_100_courses_03.json,large,D,greedy,1,1,1,26,6,121.95049180000206,6,,,trajectories\synthetic_100_courses_03.json__D__greedy__seed1__run1.json,1,guided,,0,True,True,False,True
synthetic_100_courses_03.json,large,D,greedy,2,2,1,26,6,0.0996702999982517,6,,,trajectories\synthetic_100_courses_03.json__D__greedy__seed2__run2.json,1,guided,,0,True,True,False,True
synthetic_100_courses_03.json,large,D,greedy,3,3,1,26,6,0.0789677999855484,6,,,trajectories\synthetic_100_courses_03.json__D__greedy__seed3__run3.json,1,guided,,0,True,True,False,True
synthetic_100_courses_03.json,large,D,greedy,4,4,1,26,6,0.0830103000043891,6,,,trajectories\synthetic_100_courses_03.json__D__greedy__seed4__run4.json,1,guided,,0,True,True,False,True
synthetic_100_courses_03.json,large,D,greedy,5,5,1,26,6,0.1078514000109862,6,,,trajectories\synthetic_100_courses_03.json__D__greedy__seed5__run5.json,1,guided,,0,True,True,False,True
synthetic_100_courses_03.json,large,D,a_star,1,1,1,26,6,0.1004686999949626,6,,,trajectories\synthetic_100_courses_03.json__D__a_star__seed1__run1.json,1,guided,,0,True,True,False,True
synthetic_100_courses_03.json,large,D,a_star,2,2,1,26,6,0.0951674999960232,6,,,trajectories\synthetic_100_courses_03.json__D__a_star__seed2__run2.json,1,guided,,0,True,True,False,True
synthetic_100_courses_03.json,large,D,a_star,3,3,1,26,6,0.0813638999825343,6,,,trajectories\synthetic_100_courses_03.json__D__a_star__seed3__run3.json,1,guided,,0,True,True,False,True
synthetic_100_courses_03.json,large,D,a_star,4,4,1,26,6,0.0832501000259071,6,,,trajectories\synthetic_100_courses_03.json__D__a_star__seed4__run4.json,1,guided,,0,True,True,False,True
synthetic_100_courses_03.json,large,D,a_star,5,5,1,26,6,0.0822524999966844,6,,,trajectories\synthetic_100_courses_03.json__D__a_star__seed5__run5.json,1,guided,,0,True,True,False,True
synthetic_100_courses_04.json,large,A,greedy,1,1,1,50,16,0.0009294000046793,0,,,trajectories\synthetic_100_courses_04.json__A__greedy__seed1__run1.json,1,oracle,,0,True,True,False,False
synthetic_100_courses_04.json,large,A,greedy,2,2,1,50,16,0.0011016000062227,0,,,trajectories\synthetic_100_courses_04.json__A__greedy__seed2__run2.json,1,oracle,,0,True,True,False,False
synthetic_100_courses_04.json,large,A,greedy,3,3,1,50,16,0.0009750000026542,0,,,trajectories\synthetic_100_courses_04.json__A__greedy__seed3__run3.json,1,oracle,,0,True,True,False,False
synthetic_100_courses_04.json,large,A,greedy,4,4,1,50,16,0.0009911999804899,0,,,trajectories\synthetic_100_courses_04.json__A__greedy__seed4__run4.json,1,oracle,,0,True,True,False,False
synthetic_100_courses_04.json,large,A,greedy,5,5,1,50,16,0.0010613999911583,0,,,trajectories\synthetic_100_courses_04.json__A__greedy__seed5__run5.json,1,oracle,,0,True,True,False,False
synthetic_100_courses_04.json,large,A,a_star,1,1,1,19,6,1.7513313999806996,0,,,trajectories\synthetic_100_courses_04.json__A__a_star__seed1__run1.json,1,oracle,,0,True,True,False,False
synthetic_100_courses_04.json,large,A,a_star,2,2,1,19,6,0.7561964000051375,0,,,trajectories\synthetic_100_courses_04.json__A__a_star__seed2__run2.json,1,oracle,,0,True,True,False,False
synthetic_100_courses_04.json,large,A,a_star,3,3,1,19,6,0.7582657000166364,0,,,trajectories\synthetic_100_courses_04.json__A__a_star__seed3__run3.json,1,oracle,,0,True,True,False,False
synthetic_100_courses_04.json,large,A,a_star,4,4,1,19,6,0.7654603999981191,0,,,trajectories\synthetic_100_courses_04.json__A__a_star__seed4__run4.json,1,oracle,,0,True,True,False,False
synthetic_100_courses_04.json,large,A,a_star,5,5,1,19,6,0.7727570999995805,0,,,trajectories\synthetic_100_courses_04.json__A__a_star__seed5__run5.json,1,oracle,,0,True,True,False,False
synthetic_100_courses_04.json,large,B,greedy,1,1,1,50,16,0.0015904000028967,1,,,trajectories\synthetic_100_courses_04.json__B__greedy__seed1__run1.json,1,auto,,0,True,True,False,True
synthetic_100_courses_04.json,large,B,greedy,2,2,1,50,16,0.0008956000092439,1,,,trajectories\synthetic_100_courses_04.json__B__greedy__seed2__run2.json,1,auto,,0,True,True,False,True
synthetic_100_courses_04.json,large,B,greedy,3,3,1,50,16,0.0011143000156152,1,,,trajectories\synthetic_100_courses_04.json__B__greedy__seed3__run3.json,1,auto,,0,True,True,False,True
synthetic_100_courses_04.json,large,B,greedy,4,4,1,50,16,0.0009183999791275,1,,,trajectories\synthetic_100_courses_04.json__B__greedy__seed4__run4.json,1,auto,,0,True,True,False,True
synthetic_100_courses_04.json,large,B,greedy,5,5,1,50,16,0.0008955000084824,1,,,trajectories\synthetic_100_courses_04.json__B__greedy__seed5__run5.json,1,auto,,0,True,True,False,True
synthetic_100_courses_04.json,large,B,a_star,1,1,1,19,6,0.8019552999758162,1,,,trajectories\synthetic_100_courses_04.json__B__a_star__seed1__run1.json,1,auto,,0,True,True,False,True
synthetic_100_courses_04.json,large,B,a_star,2,2,1,19,6,0.8836732000054326,1,,,trajectories\synthetic_100_courses_04.json__B__a_star__seed2__run2.json,1,auto,,0,True,True,False,True
synthetic_100_courses_04.json,large,B,a_star,3,3,1,19,6,0.7739589000120759,1,,,trajectories\synthetic_100_courses_04.json__B__a_star__seed3__run3.json,1,auto,,0,True,True,False,True
synthetic_100_courses_04.json,large,B,a_star,4,4,1,19,6,0.7957511999993585,1,,,trajectories\synthetic_100_courses_04.json__B__a_star__seed4__run4.json,1,auto,,0,True,True,False,True
synthetic_100_courses_04.json,large,B,a_star,5,5,1,19,6,0.8404920999892056,1,,,trajectories\synthetic_100_courses_04.json__B__a_star__seed5__run5.json,1,auto,,0,True,True,False,True
synthetic_100_courses_04.json,large,C,greedy,1,1,1,50,16,0.0004244000010658,1,9.68,0.7,trajectories\synthetic_100_courses_04.json__C__greedy__seed1__run1.json,1,guided,,0,True,True,True,True
synthetic_100_courses_04.json,large,C,greedy,2,2,1,50,16,0.0015658999909646,1,9.68,0.7,trajectories\synthetic_100_courses_04.json__C__greedy__seed2__run2.json,1,guided,,0,True,True,True,True
synthetic_100_courses_04.json,large,C,greedy,3,3,1,50,16,0.0009656999900471,1,9.68,0.7,trajectories\synthetic_100_courses_04.json__C__greedy__seed3__run3.json,1,guided,,0,True,True,True,True
synthetic_100_courses_04.json,large,C,greedy,4,4,1,50,16,0.0010069000127259,1,9.68,0.7,trajectories\synthetic_100_courses_04.json__C__greedy__seed4__run4.json,1,guided,,0,True,True,True,True
synthetic_100_courses_04.json,large,C,greedy,5,5,1,50,16,0.0013593999901786,1,9.68,0.7,trajectories\synthetic_100_courses_04.json__C__greedy__seed5__run5.json,1,guided,,0,True,True,True,True
synthetic_100_courses_04.json,large,C,a_star,1,1,1,19,6,1.4780880000034813,1,9.88,0.6,trajectories\synthetic_100_courses_04.json__C__a_star__seed1__run1.json,1,guided,,0,True,True,True,True
synthetic_100_courses_04.json,large,C,a_star,2,2,1,19,6,1.7291968000063207,1,9.88,0.6,trajectories\synthetic_100_courses_04.json__C__a_star__seed2__run2.json,1,guided,,0,True,True,True,True
synthetic_100_courses_04.json,large,C,a_star,3,3,1,19,6,1.2723560000013094,1,9.88,0.6,trajectories\synthetic_100_courses_04.json__C__a_star__seed3__run3.json,1,guided,,0,True,True,True,True
synthetic_100_courses_04.json,large,C,a_star,4,4,1,19,6,0.7573680999921635,1,9.88,0.6,trajectories\synthetic_100_courses_04.json__C__a_star__seed4__run4.json,1,guided,,0,True,True,True,True
synthetic_100_courses_04.json,large,C,a_star,5,5,1,19,6,1.949554100021487,1,9.88,0.6,trajectories\synthetic_100_courses_04.json__C__a_star__seed5__run5.json,1,guided,,0,True,True,True,True
synthetic_100_courses_04.json,large,D,greedy,1,1,1,67,19,386.88571709999815,19,,,trajectories\synthetic_100_courses_04.json__D__greedy__seed1__run1.json,1,guided,,0,True,True,False,True
synthetic_100_courses_04.json,large,D,greedy,2,2,1,67,19,0.2317179999954532,19,,,trajectories\synthetic_100_courses_04.json__D__greedy__seed2__run2.json,1,guided,,0,True,True,False,True
synthetic_100_courses_04.json,large,D,greedy,3,3,1,67,19,0.1245078999781981,19,,,trajectories\synthetic_100_courses_04.json__D__greedy__seed3__run3.json,1,guided,,0,True,True,False,True
synthetic_100_courses_04.json,large,D,greedy,4,4,1,67,19,0.1240357999922707,19,,,trajectories\synthetic_100_courses_04.json__D__greedy__seed4__run4.json,1,guided,,0,True,True,False,True
synthetic_100_courses_04.json,large,D,greedy,5,5,1,67,19,0.1356027000001631,19,,,trajectories\synthetic_100_courses_04.json__D__greedy__seed5__run5.json,1,guided,,0,True,True,False,True
synthetic_100_courses_04.json,large,D,a_star,1,1,1,67,19,0.123370999994222,19,,,trajectories\synthetic_100_courses_04.json__D__a_star__seed1__run1.json,1,guided,,0,True,True,False,True
synthetic_100_courses_04.json,large,D,a_star,2,2,1,67,19,0.1356682000041473,19,,,trajectories\synthetic_100_courses_04.json__D__a_star__seed2__run2.json,1,guided,,0,True,True,False,True
synthetic_100_courses_04.json,large,D,a_star,3,3,1,67,19,0.1411719000025186,19,,,trajectories\synthetic_100_courses_04.json__D__a_star__seed3__run3.json,1,guided,,0,True,True,False,True
synthetic_100_courses_04.json,large,D,a_star,4,4,1,67,19,0.1248118999938014,19,,,trajectories\synthetic_100_courses_04.json__D__a_star__seed4__run4.json,1,guided,,0,True,True,False,True
synthetic_100_courses_04.json,large,D,a_star,5,5,1,67,19,0.1276700999878812,19,,,trajectories\synthetic_100_courses_04.json__D__a_star__seed5__run5.json,1,guided,,0,True,True,False,True
synthetic_100_courses_05.json,large,A,greedy,1,1,1,28,10,0.0003408000047784,0,,,trajectories\synthetic_100_courses_05.json__A__greedy__seed1__run1.json,1,oracle,,0,True,True,False,False
synthetic_100_courses_05.json,large,A,greedy,2,2,1,28,10,0.000326400011545,0,,,trajectories\synthetic_100_courses_05.json__A__greedy__seed2__run2.json,1,oracle,,0,True,True,False,False
synthetic_100_courses_05.json,large,A,greedy,3,3,1,28,10,0.0003912999818567,0,,,trajectories\synthetic_100_courses_05.json__A__greedy__seed3__run3.json,1,oracle,,0,True,True,False,False
synthetic_100_courses_05.json,large,A,greedy,4,4,1,28,10,0.0003238000208511,0,,,trajectories\synthetic_100_courses_05.json__A__greedy__seed4__run4.json,1,oracle,,0,True,True,False,False
synthetic_100_courses_05.json,large,A,greedy,5,5,1,28,10,0.000412099994719,0,,,trajectories\synthetic_100_courses_05.json__A__greedy__seed5__run5.json,1,oracle,,0,True,True,False,False
synthetic_100_courses_05.json,large,A,a_star,1,1,1,17,6,0.059456399991177,0,,,trajectories\synthetic_100_courses_05.json__A__a_star__seed1__run1.json,1,oracle,,0,True,True,False,False
synthetic_100_courses_05.json,large,A,a_star,2,2,1,17,6,0.0578596999985165,0,,,trajectories\synthetic_100_courses_05.json__A__a_star__seed2__run2.json,1,oracle,,0,True,True,False,False
synthetic_100_courses_05.json,large,A,a_star,3,3,1,17,6,0.0590397999912966,0,,,trajectories\synthetic_100_courses_05.json__A__a_star__seed3__run3.json,1,oracle,,0,True,True,False,False
synthetic_100_courses_05.json,large,A,a_star,4,4,1,17,6,0.0572718000039458,0,,,trajectories\synthetic_100_courses_05.json__A__a_star__seed4__run4.json,1,oracle,,0,True,True,False,False
synthetic_100_courses_05.json,large,A,a_star,5,5,1,17,6,0.0582807000027969,0,,,trajectories\synthetic_100_courses_05.json__A__a_star__seed5__run5.json,1,oracle,,0,True,True,False,False
synthetic_100_courses_05.json,large,B,greedy,1,1,1,28,10,0.0002716000017244,1,,,trajectories\synthetic_100_courses_05.json__B__greedy__seed1__run1.json,1,auto,,0,True,True,False,True
synthetic_100_courses_05.json,large,B,greedy,2,2,1,28,10,0.0003534000134095,1,,,trajectories\synthetic_100_courses_05.json__B__greedy__seed2__run2.json,1,auto,,0,True,True,False,True
synthetic_100_courses_05.json,large,B,greedy,3,3,1,28,10,0.0003056999994441,1,,,trajectories\synthetic_100_courses_05.json__B__greedy__seed3__run3.json,1,auto,,0,True,True,False,True
synthetic_100_courses_05.json,large,B,greedy,4,4,1,28,10,0.0002785999968182,1,,,trajectories\synthetic_100_courses_05.json__B__greedy__seed4__run4.json,1,auto,,0,True,True,False,True
synthetic_100_courses_05.json,large,B,greedy,5,5,1,28,10,0.0005161000008229,1,,,trajectories\synthetic_100_courses_05.json__B__greedy__seed5__run5.json,1,auto,,0,True,True,False,True
synthetic_100_courses_05.json,large,B,a_star,1,1,1,17,6,0.0605155999946873,1,,,trajectories\synthetic_100_courses_05.json__B__a_star__seed1__run1.json,1,auto,,0,True,True,False,True
synthetic_100_courses_05.json,large,B,a_star,2,2,1,17,6,0.0600792000186629,1,,,trajectories\synthetic_100_courses_05.json__B__a_star__seed2__run2.json,1,auto,,0,True,True,False,True
synthetic_100_courses_05.json,large,B,a_star,3,3,1,17,6,0.0602881000086199,1,,,trajectories\synthetic_100_courses_05.json__B__a_star__seed3__run3.json,1,auto,,0,True,True,False,True
synthetic_100_courses_05.json,large,B,a_star,4,4,1,17,6,0.0590127000177744,1,,,trajectories\synthetic_100_courses_05.json__B__a_star__seed4__run4.json,1,auto,,0,True,True,False,True
synthetic_100_courses_05.json,large,B,a_star,5,5,1,17,6,0.0584575000102631,1,,,trajectories\synthetic_100_courses_05.json__B__a_star__seed5__run5.json,1,auto,,0,True,True,False,True
synthetic_100_courses_05.json,large,C,greedy,1,1,1,28,10,0.0003925000200979,1,9.8,0.6,trajectories\synthetic_100_courses_05.json__C__greedy__seed1__run1.json,1,guided,,0,True,True,True,True
synthetic_100_courses_05.json,large,C,greedy,2,2,1,28,10,0.000611099996604,1,9.8,0.6,trajectories\synthetic_100_courses_05.json__C__greedy__seed2__run2.json,1,guided,,0,True,True,True,True
synthetic_100_courses_05.json,large,C,greedy,3,3,1,28,10,0.0006133000133559,1,9.8,0.6,trajectories\synthetic_100_courses_05.json__C__greedy__seed3__run3.json,1,guided,,0,True,True,True,True
synthetic_100_courses_05.json,large,C,greedy,4,4,1,28,10,0.0005880999960936,1,9.8,0.6,trajectories\synthetic_100_courses_05.json__C__greedy__seed4__run4.json,1,guided,,0,True,True,True,True
synthetic_100_courses_05.json,large,C,greedy,5,5,1,28,10,0.0015447000041604,1,9.8,0.6,trajectories\synthetic_100_courses_05.json__C__greedy__seed5__run5.json,1,guided,,0,True,True,True,True
synthetic_100_courses_05.json,large,C,a_star,1,1,1,17,6,0.1391102999914437,1,9.88,0.6,trajectories\synthetic_100_courses_05.json__C__a_star__seed1__run1.json,1,guided,,0,True,True,True,True
synthetic_100_courses_05.json,large,C,a_star,2,2,1,17,6,0.1413057999743614,1,9.88,0.5,trajectories\synthetic_100_courses_05.json__C__a_star__seed2__run2.json,1,guided,,0,True,True,True,True
synthetic_100_courses_05.json,large,C,a_star,3,3,1,17,6,0.1521910000010393,1,9.88,0.6,trajectories\synthetic_100_courses_05.json__C__a_star__seed3__run3.json,1,guided,,0,True,True,True,True
synthetic_100_courses_05.json,large,C,a_star,4,4,1,17,6,0.1339286000002175,1,9.88,0.6,trajectories\synthetic_100_courses_05.json__C__a_star__seed4__run4.json,1,guided,,0,True,True,True,True
synthetic_100_courses_05.json,large,C,a_star,5,5,1,17,6,0.0577242999861482,1,9.88,0.6,trajectories\synthetic_100_courses_05.json__C__a_star__seed5__run5.json,1,guided,,0,True,True,True,True
synthetic_100_courses_05.json,large,D,greedy,1,1,1,49,15,343.6465353000094,15,,,trajectories\synthetic_100_courses_05.json__D__greedy__seed1__run1.json,1,guided,,0,True,True,False,True
synthetic_100_courses_05.json,large,D,greedy,2,2,1,49,15,0.2937238999875262,15,,,trajectories\synthetic_100_courses_05.json__D__greedy__seed2__run2.json,1,guided,,0,True,True,False,True
synthetic_100_courses_05.json,large,D,greedy,3,3,1,49,15,0.2264041999878827,15,,,trajectories\synthetic_100_courses_05.json__D__greedy__seed3__run3.json,1,guided,,0,True,True,False,True
synthetic_100_courses_05.json,large,D,greedy,4,4,1,49,15,0.1052692999946884,15,,,trajectories\synthetic_100_courses_05.json__D__greedy__seed4__run4.json,1,guided,,0,True,True,False,True
synthetic_100_courses_05.json,large,D,greedy,5,5,1,49,15,0.103275700006634,15,,,trajectories\synthetic_100_courses_05.json__D__greedy__seed5__run5.json,1,guided,,0,True,True,False,True
synthetic_100_courses_05.json,large,D,a_star,1,1,1,49,15,0.1077153999940492,15,,,trajectories\synthetic_100_courses_05.json__D__a_star__seed1__run1.json,1,guided,,0,True,True,False,True
synthetic_100_courses_05.json,large,D,a_star,2,2,1,49,15,0.1189825999899767,15,,,trajectories\synthetic_100_courses_05.json__D__a_star__seed2__run2.json,1,guided,,0,True,True,False,True
synthetic_100_courses_05.json,large,D,a_star,3,3,1,49,15,0.1083005999971646,15,,,trajectories\synthetic_100_courses_05.json__D__a_star__seed3__run3.json,1,guided,,0,True,True,False,True
synthetic_100_courses_05.json,large,D,a_star,4,4,1,49,15,0.1240529000060632,15,,,trajectories\synthetic_100_courses_05.json__D__a_star__seed4__run4.json,1,guided,,0,True,True,False,True
synthetic_100_courses_05.json,large,D,a_star,5,5,1,49,15,0.1189310000045225,15,,,trajectories\synthetic_100_courses_05.json__D__a_star__seed5__run5.json,1,guided,,0,True,True,False,True
manual_01_impossible_cycle.json,manual,A,greedy,1,1,0,0,0,1.1299998732283711e-05,0,,,trajectories\manual_01_impossible_cycle.json__A__greedy__seed1__run1.json,0,oracle,,0,True,False,False,False
manual_01_impossible_cycle.json,manual,A,greedy,2,2,0,0,0,1.1899974197149277e-05,0,,,trajectories\manual_01_impossible_cycle.json__A__greedy__seed2__run2.json,0,oracle,,0,True,False,False,False
manual_01_impossible_cycle.json,manual,A,greedy,3,3,0,0,0,3.019999712705612e-05,0,,,trajectories\manual_01_impossible_cycle.json__A__greedy__seed3__run3.json,0,oracle,,0,True,False,False,False
manual_01_impossible_cycle.json,manual,A,greedy,4,4,0,0,0,2.249999670311809e-05,0,,,trajectories\manual_01_impossible_cycle.json__A__greedy__seed4__run4.json,0,oracle,,0,True,False,False,False
manual_01_impossible_cycle.json,manual,A,greedy,5,5,0,0,0,1.920000067912042e-05,0,,,trajectories\manual_01_impossible_cycle.json__A__greedy__seed5__run5.json,0,oracle,,0,True,False,False,False
manual_01_impossible_cycle.json,manual,A,a_star,1,1,0,0,0,3.7999998312443495e-05,0,,,trajectories\manual_01_impossible_cycle.json__A__a_star__seed1__run1.json,0,oracle,,0,True,False,False,False
manual_01_impossible_cycle.json,manual,A,a_star,2,2,0,0,0,4.47999918833375e-05,0,,,trajectories\manual_01_impossible_cycle.json__A__a_star__seed2__run2.json,0,oracle,,0,True,False,False,False
manual_01_impossible_cycle.json,manual,A,a_star,3,3,0,0,0,2.9499991796910763e-05,0,,,trajectories\manual_01_impossible_cycle.json__A__a_star__seed3__run3.json,0,oracle,,0,True,False,False,False
manual_01_impossible_cycle.json,manual,A,a_star,4,4,0,0,0,3.670001751743257e-05,0,,,trajectories\manual_01_impossible_cycle.json__A__a_star__seed4__run4.json,0,oracle,,0,True,False,False,False
manual_01_impossible_cycle.json,manual,A,a_star,5,5,0,0,0,5.740000051446259e-05,0,,,trajectories\manual_01_impossible_cycle.json__A__a_star__seed5__run5.json,0,oracle,,0,True,False,False,False
manual_01_impossible_cycle.json,manual,A,exact_small,1,1,0,0,0,3.269998705945909e-05,0,,,trajectories\manual_01_impossible_cycle.json__A__exact_small__seed1__run1.json,0,oracle,,0,True,False,False,False
manual_01_impossible_cycle.json,manual,A,exact_small,2,2,0,0,0,1.8999999156221747e-05,0,,,trajectories\manual_01_impossible_cycle.json__A__exact_small__seed2__run2.json,0,oracle,,0,True,False,False,False
manual_01_impossible_cycle.json,manual,A,exact_small,3,3,0,0,0,1.71000137925148e-05,0,,,trajectories\manual_01_impossible_cycle.json__A__exact_small__seed3__run3.json,0,oracle,,0,True,False,False,False
manual_01_impossible_cycle.json,manual,A,exact_small,4,4,0,0,0,1.8799997633323077e-05,0,,,trajectories\manual_01_impossible_cycle.json__A__exact_small__seed4__run4.json,0,oracle,,0,True,False,False,False
manual_01_impossible_cycle.json,manual,A,exact_small,5,5,0,0,0,1.5199999324977398e-05,0,,,trajectories\manual_01_impossible_cycle.json__A__exact_small__seed5__run5.json,0,oracle,,0,True,False,False,False
manual_01_impossible_cycle.json,manual,B,greedy,1,1,0,0,0,4.829998943023384e-05,1,,,trajectories\manual_01_impossible_cycle.json__B__greedy__seed1__run1.json,0,auto,,0,True,False,False,True
manual_01_impossible_cycle.json,manual,B,greedy,2,2,0,0,0,3.480000304989517e-05,1,,,trajectories\manual_01_impossible_cycle.json__B__greedy__seed2__run2.json,0,auto,,0,True,False,False,True
manual_01_impossible_cycle.json,manual,B,greedy,3,3,0,0,0,3.200001083314419e-05,1,,,trajectories\manual_01_impossible_cycle.json__B__greedy__seed3__run3.json,0,auto,,0,True,False,False,True
manual_01_impossible_cycle.json,manual,B,greedy,4,4,0,0,0,1.789999078027904e-05,1,,,trajectories\manual_01_impossible_cycle.json__B__greedy__seed4__run4.json,0,auto,,0,True,False,False,True
manual_01_impossible_cycle.json,manual,B,greedy,5,5,0,0,0,3.460000152699649e-05,1,,,trajectories\manual_01_impossible_cycle.json__B__greedy__seed5__run5.json,0,auto,,0,True,False,False,True
manual_01_impossible_cycle.json,manual,B,a_star,1,1,0,0,0,2.829998265951872e-05,1,,,trajectories\manual_01_impossible_cycle.json__B__a_star__seed1__run1.json,0,auto,,0,True,False,False,True
manual_01_impossible_cycle.json,manual,B,a_star,2,2,0,0,0,0.000123399979202,1,,,trajectories\manual_01_impossible_cycle.json__B__a_star__seed2__run2.json,0,auto,,0,True,False,False,True
manual_01_impossible_cycle.json,manual,B,a_star,3,3,0,0,0,2.7000001864507794e-05,1,,,trajectories\manual_01_impossible_cycle.json__B__a_star__seed3__run3.json,0,auto,,0,True,False,False,True
manual_01_impossible_cycle.json,manual,B,a_star,4,4,0,0,0,5.569998756982386e-05,1,,,trajectories\manual_01_impossible_cycle.json__B__a_star__seed4__run4.json,0,auto,,0,True,False,False,True
manual_01_impossible_cycle.json,manual,B,a_star,5,5,0,0,0,6.350001785904169e-05,1,,,trajectories\manual_01_impossible_cycle.json__B__a_star__seed5__run5.json,0,auto,,0,True,False,False,True
manual_01_impossible_cycle.json,manual,B,exact_small,1,1,0,0,0,1.8399994587525725e-05,1,,,trajectories\manual_01_impossible_cycle.json__B__exact_small__seed1__run1.json,0,auto,,0,True,False,False,True
manual_01_impossible_cycle.json,manual,B,exact_small,2,2,0,0,0,3.15000070258975e-05,1,,,trajectories\manual_01_impossible_cycle.json__B__exact_small__seed2__run2.json,0,auto,,0,True,False,False,True
manual_01_impossible_cycle.json,manual,B,exact_small,3,3,0,0,0,3.769999602809549e-05,1,,,trajectories\manual_01_impossible_cycle.json__B__exact_small__seed3__run3.json,0,auto,,0,True,False,False,True
manual_01_impossible_cycle.json,manual,B,exact_small,4,4,0,0,0,2.409997978247702e-05,1,,,trajectories\manual_01_impossible_cycle.json__B__exact_small__seed4__run4.json,0,auto,,0,True,False,False,True
manual_01_impossible_cycle.json,manual,B,exact_small,5,5,0,0,0,2.929999027401209e-05,1,,,trajectories\manual_01_impossible_cycle.json__B__exact_small__seed5__run5.json,0,auto,,0,True,False,False,True
manual_01_impossible_cycle.json,manual,C,greedy,1,1,0,0,0,3.029999788850546e-05,0,,,trajectories\manual_01_impossible_cycle.json__C__greedy__seed1__run1.json,0,guided,,0,True,False,False,True
manual_01_impossible_cycle.json,manual,C,greedy,2,2,0,0,0,3.23000131174922e-05,0,,,trajectories\manual_01_impossible_cycle.json__C__greedy__seed2__run2.json,0,guided,,0,True,False,False,True
manual_01_impossible_cycle.json,manual,C,greedy,3,3,0,0,0,1.270000939257443e-05,0,,,trajectories\manual_01_impossible_cycle.json__C__greedy__seed3__run3.json,0,guided,,0,True,False,False,True
manual_01_impossible_cycle.json,manual,C,greedy,4,4,0,0,0,1.960000372491777e-05,0,,,trajectories\manual_01_impossible_cycle.json__C__greedy__seed4__run4.json,0,guided,,0,True,False,False,True
manual_01_impossible_cycle.json,manual,C,greedy,5,5,0,0,0,2.5199988158419728e-05,0,,,trajectories\manual_01_impossible_cycle.json__C__greedy__seed5__run5.json,0,guided,,0,True,False,False,True
manual_01_impossible_cycle.json,manual,C,a_star,1,1,0,0,0,4.1399995097890496e-05,0,,,trajectories\manual_01_impossible_cycle.json__C__a_star__seed1__run1.json,0,guided,,0,True,False,False,True
manual_01_impossible_cycle.json,manual,C,a_star,2,2,0,0,0,7.249999907799065e-05,0,,,trajectories\manual_01_impossible_cycle.json__C__a_star__seed2__run2.json,0,guided,,0,True,False,False,True
manual_01_impossible_cycle.json,manual,C,a_star,3,3,0,0,0,2.7700007194653157e-05,0,,,trajectories\manual_01_impossible_cycle.json__C__a_star__seed3__run3.json,0,guided,,0,True,False,False,True
manual_01_impossible_cycle.json,manual,C,a_star,4,4,0,0,0,6.180000491440296e-05,0,,,trajectories\manual_01_impossible_cycle.json__C__a_star__seed4__run4.json,0,guided,,0,True,False,False,True
manual_01_impossible_cycle.json,manual,C,a_star,5,5,0,0,0,4.449998959898949e-05,0,,,trajectories\manual_01_impossible_cycle.json__C__a_star__seed5__run5.json,0,guided,,0,True,False,False,True
manual_01_impossible_cycle.json,manual,C,exact_small,1,1,0,0,0,1.650000922381878e-05,0,,,trajectories\manual_01_impossible_cycle.json__C__exact_small__seed1__run1.json,0,guided,,0,True,False,False,True
manual_01_impossible_cycle.json,manual,C,exact_small,2,2,0,0,0,3.670001751743257e-05,0,,,trajectories\manual_01_impossible_cycle.json__C__exact_small__seed2__run2.json,0,guided,,0,True,False,False,True
manual_01_impossible_cycle.json,manual,C,exact_small,3,3,0,0,0,2.489998587407172e-05,0,,,trajectories\manual_01_impossible_cycle.json__C__exact_small__seed3__run3.json,0,guided,,0,True,False,False,True
manual_01_impossible_cycle.json,manual,C,exact_small,4,4,0,0,0,2.3200002033263445e-05,0,,,trajectories\manual_01_impossible_cycle.json__C__exact_small__seed4__run4.json,0,guided,,0,True,False,False,True
manual_01_impossible_cycle.json,manual,C,exact_small,5,5,0,0,0,2.169999061152339e-05,0,,,trajectories\manual_01_impossible_cycle.json__C__exact_small__seed5__run5.json,0,guided,,0,True,False,False,True
manual_01_impossible_cycle.json,manual,D,greedy,1,1,0,0,0,1.2900010915473104e-05,0,,,trajectories\manual_01_impossible_cycle.json__D__greedy__seed1__run1.json,0,guided,,0,True,False,False,True
manual_01_impossible_cycle.json,manual,D,greedy,2,2,0,0,0,8.200004231184721e-06,0,,,trajectories\manual_01_impossible_cycle.json__D__greedy__seed2__run2.json,0,guided,,0,True,False,False,True
manual_01_impossible_cycle.json,manual,D,greedy,3,3,0,0,0,8.500006515532732e-06,0,,,trajectories\manual_01_impossible_cycle.json__D__greedy__seed3__run3.json,0,guided,,0,True,False,False,True
manual_01_impossible_cycle.json,manual,D,greedy,4,4,0,0,0,1.509999856352806e-05,0,,,trajectories\manual_01_impossible_cycle.json__D__greedy__seed4__run4.json,0,guided,,0,True,False,False,True
manual_01_impossible_cycle.json,manual,D,greedy,5,5,0,0,0,1.4599994756281376e-05,0,,,trajectories\manual_01_impossible_cycle.json__D__greedy__seed5__run5.json,0,guided,,0,True,False,False,True
manual_01_impossible_cycle.json,manual,D,a_star,1,1,0,0,0,1.1800002539530396e-05,0,,,trajectories\manual_01_impossible_cycle.json__D__a_star__seed1__run1.json,0,guided,,0,True,False,False,True
manual_01_impossible_cycle.json,manual,D,a_star,2,2,0,0,0,9.399984264746308e-06,0,,,trajectories\manual_01_impossible_cycle.json__D__a_star__seed2__run2.json,0,guided,,0,True,False,False,True
manual_01_impossible_cycle.json,manual,D,a_star,3,3,0,0,0,7.90000194683671e-06,0,,,trajectories\manual_01_impossible_cycle.json__D__a_star__seed3__run3.json,0,guided,,0,True,False,False,True
manual_01_impossible_cycle.json,manual,D,a_star,4,4,0,0,0,9.99998883344233e-06,0,,,trajectories\manual_01_impossible_cycle.json__D__a_star__seed4__run4.json,0,guided,,0,True,False,False,True
manual_01_impossible_cycle.json,manual,D,a_star,5,5,0,0,0,8.299975888803601e-06,0,,,trajectories\manual_01_impossible_cycle.json__D__a_star__seed5__run5.json,0,guided,,0,True,False,False,True
manual_01_impossible_cycle.json,manual,D,exact_small,1,1,0,0,0,8.199975127354264e-06,0,,,trajectories\manual_01_impossible_cycle.json__D__exact_small__seed1__run1.json,0,guided,,0,True,False,False,True
manual_01_impossible_cycle.json,manual,D,exact_small,2,2,0,0,0,1.170000177808106e-05,0,,,trajectories\manual_01_impossible_cycle.json__D__exact_small__seed2__run2.json,0,guided,,0,True,False,False,True
manual_01_impossible_cycle.json,manual,D,exact_small,3,3,0,0,0,1.2500007869675756e-05,0,,,trajectories\manual_01_impossible_cycle.json__D__exact_small__seed3__run3.json,0,guided,,0,True,False,False,True
manual_01_impossible_cycle.json,manual,D,exact_small,4,4,0,0,0,1.300001167692244e-05,0,,,trajectories\manual_01_impossible_cycle.json__D__exact_small__seed4__run4.json,0,guided,,0,True,False,False,True
manual_01_impossible_cycle.json,manual,D,exact_small,5,5,0,0,0,9.100011084228754e-06,0,,,trajectories\manual_01_impossible_cycle.json__D__exact_small__seed5__run5.json,0,guided,,0,True,False,False,True
manual_02_goal_already_achieved.json,manual,A,greedy,1,1,1,0,0,4.029998672194779e-05,0,,,trajectories\manual_02_goal_already_achieved.json__A__greedy__seed1__run1.json,1,oracle,,0,True,True,False,False
manual_02_goal_already_achieved.json,manual,A,greedy,2,2,1,0,0,3.37999954354018e-05,0,,,trajectories\manual_02_goal_already_achieved.json__A__greedy__seed2__run2.json,1,oracle,,0,True,True,False,False
manual_02_goal_already_achieved.json,manual,A,greedy,3,3,1,0,0,1.2999982573091984e-05,0,,,trajectories\manual_02_goal_already_achieved.json__A__greedy__seed3__run3.json,1,oracle,,0,True,True,False,False
manual_02_goal_already_achieved.json,manual,A,greedy,4,4,1,0,0,9.69998654909432e-06,0,,,trajectories\manual_02_goal_already_achieved.json__A__greedy__seed4__run4.json,1,oracle,,0,True,True,False,False
manual_02_goal_already_achieved.json,manual,A,greedy,5,5,1,0,0,9.200011845678093e-06,0,,,trajectories\manual_02_goal_already_achieved.json__A__greedy__seed5__run5.json,1,oracle,,0,True,True,False,False
manual_02_goal_already_achieved.json,manual,A,a_star,1,1,1,0,0,1.0400020983070137e-05,0,,,trajectories\manual_02_goal_already_achieved.json__A__a_star__seed1__run1.json,1,oracle,,0,True,True,False,False
manual_02_goal_already_achieved.json,manual,A,a_star,2,2,1,0,0,8.499977411702275e-06,0,,,trajectories\manual_02_goal_already_achieved.json__A__a_star__seed2__run2.json,1,oracle,,0,True,True,False,False
manual_02_goal_already_achieved.json,manual,A,a_star,3,3,1,0,0,6.999995093792677e-06,0,,,trajectories\manual_02_goal_already_achieved.json__A__a_star__seed3__run3.json,1,oracle,,0,True,True,False,False
manual_02_goal_already_achieved.json,manual,A,a_star,4,4,1,0,0,1.1000025551766155e-05,0,,,trajectories\manual_02_goal_already_achieved.json__A__a_star__seed4__run4.json,1,oracle,,0,True,True,False,False
manual_02_goal_already_achieved.json,manual,A,a_star,5,5,1,0,0,1.71000137925148e-05,0,,,trajectories\manual_02_goal_already_achieved.json__A__a_star__seed5__run5.json,1,oracle,,0,True,True,False,False
manual_02_goal_already_achieved.json,manual,A,exact_small,1,1,1,0,0,1.8099992303177714e-05,0,,,trajectories\manual_02_goal_already_achieved.json__A__exact_small__seed1__run1.json,1,oracle,,0,True,True,False,False
manual_02_goal_already_achieved.json,manual,A,exact_small,2,2,1,0,0,1.4099990949034693e-05,0,,,trajectories\manual_02_goal_already_achieved.json__A__exact_small__seed2__run2.json,1,oracle,,0,True,True,False,False
manual_02_goal_already_achieved.json,manual,A,exact_small,3,3,1,0,0,1.0799994925037026e-05,0,,,trajectories\manual_02_goal_already_achieved.json__A__exact_small__seed3__run3.json,1,oracle,,0,True,True,False,False
manual_02_goal_already_achieved.json,manual,A,exact_small,4,4,1,0,0,1.550000160932541e-05,0,,,trajectories\manual_02_goal_already_achieved.json__A__exact_small__seed4__run4.json,1,oracle,,0,True,True,False,False
manual_02_goal_already_achieved.json,manual,A,exact_small,5,5,1,0,0,1.0600022505968807e-05,0,,,trajectories\manual_02_goal_already_achieved.json__A__exact_small__seed5__run5.json,1,oracle,,0,True,True,False,False
manual_02_goal_already_achieved.json,manual,B,greedy,1,1,1,0,0,2.3300002794712785e-05,1,,,trajectories\manual_02_goal_already_achieved.json__B__greedy__seed1__run1.json,1,auto,,0,True,True,False,True
manual_02_goal_already_achieved.json,manual,B,greedy,2,2,1,0,0,1.999997766688466e-05,1,,,trajectories\manual_02_goal_already_achieved.json__B__greedy__seed2__run2.json,1,auto,,0,True,True,False,True
manual_02_goal_already_achieved.json,manual,B,greedy,3,3,1,0,0,2.979999408125877e-05,1,,,trajectories\manual_02_goal_already_achieved.json__B__greedy__seed3__run3.json,1,auto,,0,True,True,False,True
manual_02_goal_already_achieved.json,manual,B,greedy,4,4,1,0,0,1.960000372491777e-05,1,,,trajectories\manual_02_goal_already_achieved.json__B__greedy__seed4__run4.json,1,auto,,0,True,True,False,True
manual_02_goal_already_achieved.json,manual,B,greedy,5,5,1,0,0,0.0001075000036507,1,,,trajectories\manual_02_goal_already_achieved.json__B__greedy__seed5__run5.json,1,auto,,0,True,True,False,True
manual_02_goal_already_achieved.json,manual,B,a_star,1,1,1,0,0,2.220002352260053e-05,1,,,trajectories\manual_02_goal_already_achieved.json__B__a_star__seed1__run1.json,1,auto,,0,True,True,False,True
manual_02_goal_already_achieved.json,manual,B,a_star,2,2,1,0,0,2.020000829361379e-05,1,,,trajectories\manual_02_goal_already_achieved.json__B__a_star__seed2__run2.json,1,auto,,0,True,True,False,True
manual_02_goal_already_achieved.json,manual,B,a_star,3,3,1,0,0,1.3699987903237345e-05,1,,,trajectories\manual_02_goal_already_achieved.json__B__a_star__seed3__run3.json,1,auto,,0,True,True,False,True
manual_02_goal_already_achieved.json,manual,B,a_star,4,4,1,0,0,1.5300000086426735e-05,1,,,trajectories\manual_02_goal_already_achieved.json__B__a_star__seed4__run4.json,1,auto,,0,True,True,False,True
manual_02_goal_already_achieved.json,manual,B,a_star,5,5,1,0,0,2.4500011932104823e-05,1,,,trajectories\manual_02_goal_already_achieved.json__B__a_star__seed5__run5.json,1,auto,,0,True,True,False,True
manual_02_goal_already_achieved.json,manual,B,exact_small,1,1,1,0,0,2.5199988158419728e-05,1,,,trajectories\manual_02_goal_already_achieved.json__B__exact_small__seed1__run1.json,1,auto,,0,True,True,False,True
manual_02_goal_already_achieved.json,manual,B,exact_small,2,2,1,0,0,3.23000131174922e-05,1,,,trajectories\manual_02_goal_already_achieved.json__B__exact_small__seed2__run2.json,1,auto,,0,True,True,False,True
manual_02_goal_already_achieved.json,manual,B,exact_small,3,3,1,0,0,4.010001430287957e-05,1,,,trajectories\manual_02_goal_already_achieved.json__B__exact_small__seed3__run3.json,1,auto,,0,True,True,False,True
manual_02_goal_already_achieved.json,manual,B,exact_small,4,4,1,0,0,2.5299988919869065e-05,1,,,trajectories\manual_02_goal_already_achieved.json__B__exact_small__seed4__run4.json,1,auto,,0,True,True,False,True
manual_02_goal_already_achieved.json,manual,B,exact_small,5,5,1,0,0,2.7700007194653157e-05,1,,,trajectories\manual_02_goal_already_achieved.json__B__exact_small__seed5__run5.json,1,auto,,0,True,True,False,True
manual_02_goal_already_achieved.json,manual,C,greedy,1,1,1,0,0,1.9500002963468432e-05,1,10.0,0.0,trajectories\manual_02_goal_already_achieved.json__C__greedy__seed1__run1.json,1,guided,,0,True,True,True,True
manual_02_goal_already_achieved.json,manual,C,greedy,2,2,1,0,0,2.2099993657320734e-05,1,10.0,0.0,trajectories\manual_02_goal_already_achieved.json__C__greedy__seed2__run2.json,1,guided,,0,True,True,True,True
manual_02_goal_already_achieved.json,manual,C,greedy,3,3,1,0,0,1.8999999156221747e-05,1,10.0,0.0,trajectories\manual_02_goal_already_achieved.json__C__greedy__seed3__run3.json,1,guided,,0,True,True,True,True
manual_02_goal_already_achieved.json,manual,C,greedy,4,4,1,0,0,2.81000102404505e-05,1,10.0,0.0,trajectories\manual_02_goal_already_achieved.json__C__greedy__seed4__run4.json,1,guided,,0,True,True,True,True
manual_02_goal_already_achieved.json,manual,C,greedy,5,5,1,0,0,2.579999272711575e-05,1,10.0,0.0,trajectories\manual_02_goal_already_achieved.json__C__greedy__seed5__run5.json,1,guided,,0,True,True,True,True
manual_02_goal_already_achieved.json,manual,C,a_star,1,1,1,0,0,1.3300013961270452e-05,1,10.0,0.0,trajectories\manual_02_goal_already_achieved.json__C__a_star__seed1__run1.json,1,guided,,0,True,True,True,True
manual_02_goal_already_achieved.json,manual,C,a_star,2,2,1,0,0,1.4099990949034693e-05,1,10.0,0.0,trajectories\manual_02_goal_already_achieved.json__C__a_star__seed2__run2.json,1,guided,,0,True,True,True,True
manual_02_goal_already_achieved.json,manual,C,a_star,3,3,1,0,0,1.300001167692244e-05,1,10.0,0.0,trajectories\manual_02_goal_already_achieved.json__C__a_star__seed3__run3.json,1,guided,,0,True,True,True,True
manual_02_goal_already_achieved.json,manual,C,a_star,4,4,1,0,0,2.2199994418770075e-05,1,10.0,0.0,trajectories\manual_02_goal_already_achieved.json__C__a_star__seed4__run4.json,1,guided,,0,True,True,True,True
manual_02_goal_already_achieved.json,manual,C,a_star,5,5,1,0,0,1.960000372491777e-05,1,10.0,0.0,trajectories\manual_02_goal_already_achieved.json__C__a_star__seed5__run5.json,1,guided,,0,True,True,True,True
manual_02_goal_already_achieved.json,manual,C,exact_small,1,1,1,0,0,2.6299996534362435e-05,1,10.0,0.0,trajectories\manual_02_goal_already_achieved.json__C__exact_small__seed1__run1.json,1,guided,,0,True,True,True,True
manual_02_goal_already_achieved.json,manual,C,exact_small,2,2,1,0,0,2.1500018192455173e-05,1,10.0,0.0,trajectories\manual_02_goal_already_achieved.json__C__exact_small__seed2__run2.json,1,guided,,0,True,True,True,True
manual_02_goal_already_achieved.json,manual,C,exact_small,3,3,1,0,0,2.8000009479001164e-05,1,10.0,0.0,trajectories\manual_02_goal_already_achieved.json__C__exact_small__seed3__run3.json,1,guided,,0,True,True,True,True
manual_02_goal_already_achieved.json,manual,C,exact_small,4,4,1,0,0,3.300001844763756e-05,1,10.0,0.0,trajectories\manual_02_goal_already_achieved.json__C__exact_small__seed4__run4.json,1,guided,,0,True,True,True,True
manual_02_goal_already_achieved.json,manual,C,exact_small,5,5,1,0,0,2.989999484270811e-05,1,10.0,0.0,trajectories\manual_02_goal_already_achieved.json__C__exact_small__seed5__run5.json,1,guided,,0,True,True,True,True
manual_02_goal_already_achieved.json,manual,D,greedy,1,1,1,0,0,6.399990525096655e-06,0,,,trajectories\manual_02_goal_already_achieved.json__D__greedy__seed1__run1.json,1,guided,,0,True,True,False,True
manual_02_goal_already_achieved.json,manual,D,greedy,2,2,1,0,0,1.3800017768517137e-05,0,,,trajectories\manual_02_goal_already_achieved.json__D__greedy__seed2__run2.json,1,guided,,0,True,True,False,True
manual_02_goal_already_achieved.json,manual,D,greedy,3,3,1,0,0,8.800008799880743e-06,0,,,trajectories\manual_02_goal_already_achieved.json__D__greedy__seed3__run3.json,1,guided,,0,True,True,False,True
manual_02_goal_already_achieved.json,manual,D,greedy,4,4,1,0,0,6.099988240748644e-06,0,,,trajectories\manual_02_goal_already_achieved.json__D__greedy__seed4__run4.json,1,guided,,0,True,True,False,True
manual_02_goal_already_achieved.json,manual,D,greedy,5,5,1,0,0,6.599992047995329e-06,0,,,trajectories\manual_02_goal_already_achieved.json__D__greedy__seed5__run5.json,1,guided,,0,True,True,False,True
manual_02_goal_already_achieved.json,manual,D,a_star,1,1,1,0,0,5.900015821680427e-06,0,,,trajectories\manual_02_goal_already_achieved.json__D__a_star__seed1__run1.json,1,guided,,0,True,True,False,True
manual_02_goal_already_achieved.json,manual,D,a_star,2,2,1,0,0,7.700000423938036e-06,0,,,trajectories\manual_02_goal_already_achieved.json__D__a_star__seed2__run2.json,1,guided,,0,True,True,False,True
manual_02_goal_already_achieved.json,manual,D,a_star,3,3,1,0,0,6.100017344579101e-06,0,,,trajectories\manual_02_goal_already_achieved.json__D__a_star__seed3__run3.json,1,guided,,0,True,True,False,True
manual_02_goal_already_achieved.json,manual,D,a_star,4,4,1,0,0,6.699992809444666e-06,0,,,trajectories\manual_02_goal_already_achieved.json__D__a_star__seed4__run4.json,1,guided,,0,True,True,False,True
manual_02_goal_already_achieved.json,manual,D,a_star,5,5,1,0,0,7.800001185387373e-06,0,,,trajectories\manual_02_goal_already_achieved.json__D__a_star__seed5__run5.json,1,guided,,0,True,True,False,True
manual_02_goal_already_achieved.json,manual,D,exact_small,1,1,1,0,0,6.699992809444666e-06,0,,,trajectories\manual_02_goal_already_achieved.json__D__exact_small__seed1__run1.json,1,guided,,0,True,True,False,True
manual_02_goal_already_achieved.json,manual,D,exact_small,2,2,1,0,0,1.1600001016631722e-05,0,,,trajectories\manual_02_goal_already_achieved.json__D__exact_small__seed2__run2.json,1,guided,,0,True,True,False,True
manual_02_goal_already_achieved.json,manual,D,exact_small,3,3,1,0,0,6.299989763647318e-06,0,,,trajectories\manual_02_goal_already_achieved.json__D__exact_small__seed3__run3.json,1,guided,,0,True,True,False,True
manual_02_goal_already_achieved.json,manual,D,exact_small,4,4,1,0,0,5.900015821680427e-06,0,,,trajectories\manual_02_goal_already_achieved.json__D__exact_small__seed4__run4.json,1,guided,,0,True,True,False,True
manual_02_goal_already_achieved.json,manual,D,exact_small,5,5,1,0,0,6.200018106028438e-06,0,,,trajectories\manual_02_goal_already_achieved.json__D__exact_small__seed5__run5.json,1,guided,,0,True,True,False,True
manual_03_unreachable_target.json,manual,A,greedy,1,1,0,6,2,4.579999949783087e-05,0,,,trajectories\manual_03_unreachable_target.json__A__greedy__seed1__run1.json,0,oracle,,0,True,False,False,False
manual_03_unreachable_target.json,manual,A,greedy,2,2,0,6,2,5.189998773857951e-05,0,,,trajectories\manual_03_unreachable_target.json__A__greedy__seed2__run2.json,0,oracle,,0,True,False,False,False
manual_03_unreachable_target.json,manual,A,greedy,3,3,0,6,2,4.789998638443649e-05,0,,,trajectories\manual_03_unreachable_target.json__A__greedy__seed3__run3.json,0,oracle,,0,True,False,False,False
manual_03_unreachable_target.json,manual,A,greedy,4,4,0,6,2,5.2499992307275534e-05,0,,,trajectories\manual_03_unreachable_target.json__A__greedy__seed4__run4.json,0,oracle,,0,True,False,False,False
manual_03_unreachable_target.json,manual,A,greedy,5,5,0,6,2,6.2700011767447e-05,0,,,trajectories\manual_03_unreachable_target.json__A__greedy__seed5__run5.json,0,oracle,,0,True,False,False,False
manual_03_unreachable_target.json,manual,A,a_star,1,1,0,0,0,0.0001175999932456,0,,,trajectories\manual_03_unreachable_target.json__A__a_star__seed1__run1.json,0,oracle,,0,True,False,False,False
manual_03_unreachable_target.json,manual,A,a_star,2,2,0,0,0,0.0001345000055152,0,,,trajectories\manual_03_unreachable_target.json__A__a_star__seed2__run2.json,0,oracle,,0,True,False,False,False
manual_03_unreachable_target.json,manual,A,a_star,3,3,0,0,0,0.0001018000184558,0,,,trajectories\manual_03_unreachable_target.json__A__a_star__seed3__run3.json,0,oracle,,0,True,False,False,False
manual_03_unreachable_target.json,manual,A,a_star,4,4,0,0,0,9.729998419061304e-05,0,,,trajectories\manual_03_unreachable_target.json__A__a_star__seed4__run4.json,0,oracle,,0,True,False,False,False
manual_03_unreachable_target.json,manual,A,a_star,5,5,0,0,0,0.000135299982503,0,,,trajectories\manual_03_unreachable_target.json__A__a_star__seed5__run5.json,0,oracle,,0,True,False,False,False
manual_03_unreachable_target.json,manual,A,exact_small,1,1,0,0,0,5.830000736750662e-05,0,,,trajectories\manual_03_unreachable_target.json__A__exact_small__seed1__run1.json,0,oracle,,0,True,False,False,False
manual_03_unreachable_target.json,manual,A,exact_small,2,2,0,0,0,0.0003018999996129,0,,,trajectories\manual_03_unreachable_target.json__A__exact_small__seed2__run2.json,0,oracle,,0,True,False,False,False
manual_03_unreachable_target.json,manual,A,exact_small,3,3,0,0,0,7.490001735277474e-05,0,,,trajectories\manual_03_unreachable_target.json__A__exact_small__seed3__run3.json,0,oracle,,0,True,False,False,False
manual_03_unreachable_target.json,manual,A,exact_small,4,4,0,0,0,7.550002192147076e-05,0,,,trajectories\manual_03_unreachable_target.json__A__exact_small__seed4__run4.json,0,oracle,,0,True,False,False,False
manual_03_unreachable_target.json,manual,A,exact_small,5,5,0,0,0,0.00010140001541,0,,,trajectories\manual_03_unreachable_target.json__A__exact_small__seed5__run5.json,0,oracle,,0,True,False,False,False
manual_03_unreachable_target.json,manual,B,greedy,1,1,0,6,2,8.430000161752105e-05,1,,,trajectories\manual_03_unreachable_target.json__B__greedy__seed1__run1.json,0,auto,,0,True,False,False,True
manual_03_unreachable_target.json,manual,B,greedy,2,2,0,6,2,4.849999095313251e-05,1,,,trajectories\manual_03_unreachable_target.json__B__greedy__seed2__run2.json,0,auto,,0,True,False,False,True
manual_03_unreachable_target.json,manual,B,greedy,3,3,0,6,2,4.770001396536827e-05,1,,,trajectories\manual_03_unreachable_target.json__B__greedy__seed3__run3.json,0,auto,,0,True,False,False,True
manual_03_unreachable_target.json,manual,B,greedy,4,4,0,6,2,6.809999467805028e-05,1,,,trajectories\manual_03_unreachable_target.json__B__greedy__seed4__run4.json,0,auto,,0,True,False,False,True
manual_03_unreachable_target.json,manual,B,greedy,5,5,0,6,2,5.0000002374872565e-05,1,,,trajectories\manual_03_unreachable_target.json__B__greedy__seed5__run5.json,0,auto,,0,True,False,False,True
manual_03_unreachable_target.json,manual,B,a_star,1,1,0,0,0,9.770001634024084e-05,1,,,trajectories\manual_03_unreachable_target.json__B__a_star__seed1__run1.json,0,auto,,0,True,False,False,True
manual_03_unreachable_target.json,manual,B,a_star,2,2,0,0,0,9.919999865815043e-05,1,,,trajectories\manual_03_unreachable_target.json__B__a_star__seed2__run2.json,0,auto,,0,True,False,False,True
manual_03_unreachable_target.json,manual,B,a_star,3,3,0,0,0,0.0001006000093184,1,,,trajectories\manual_03_unreachable_target.json__B__a_star__seed3__run3.json,0,auto,,0,True,False,False,True
manual_03_unreachable_target.json,manual,B,a_star,4,4,0,0,0,0.000102699996205,1,,,trajectories\manual_03_unreachable_target.json__B__a_star__seed4__run4.json,0,auto,,0,True,False,False,True
manual_03_unreachable_target.json,manual,B,a_star,5,5,0,0,0,9.919999865815043e-05,1,,,trajectories\manual_03_unreachable_target.json__B__a_star__seed5__run5.json,0,auto,,0,True,False,False,True
manual_03_unreachable_target.json,manual,B,exact_small,1,1,0,0,0,8.599998545832932e-05,1,,,trajectories\manual_03_unreachable_target.json__B__exact_small__seed1__run1.json,0,auto,,0,True,False,False,True
manual_03_unreachable_target.json,manual,B,exact_small,2,2,0,0,0,7.639999967068434e-05,1,,,trajectories\manual_03_unreachable_target.json__B__exact_small__seed2__run2.json,0,auto,,0,True,False,False,True
manual_03_unreachable_target.json,manual,B,exact_small,3,3,0,0,0,5.449997843243182e-05,1,,,trajectories\manual_03_unreachable_target.json__B__exact_small__seed3__run3.json,0,auto,,0,True,False,False,True
manual_03_unreachable_target.json,manual,B,exact_small,4,4,0,0,0,8.13000078778714e-05,1,,,trajectories\manual_03_unreachable_target.json__B__exact_small__seed4__run4.json,0,auto,,0,True,False,False,True
manual_03_unreachable_target.json,manual,B,exact_small,5,5,0,0,0,0.00015340000391,1,,,trajectories\manual_03_unreachable_target.json__B__exact_small__seed5__run5.json,0,auto,,0,True,False,False,True
manual_03_unreachable_target.json,manual,C,greedy,1,1,0,6,2,6.44999963697046e-05,0,,,trajectories\manual_03_unreachable_target.json__C__greedy__seed1__run1.json,0,guided,,0,True,False,False,True
manual_03_unreachable_target.json,manual,C,greedy,2,2,0,6,2,0.0001086000120267,0,,,trajectories\manual_03_unreachable_target.json__C__greedy__seed2__run2.json,0,guided,,0,True,False,False,True
manual_03_unreachable_target.json,manual,C,greedy,3,3,0,6,2,3.1400006264448166e-05,0,,,trajectories\manual_03_unreachable_target.json__C__greedy__seed3__run3.json,0,guided,,0,True,False,False,True
manual_03_unreachable_target.json,manual,C,greedy,4,4,0,6,2,6.379999103955925e-05,0,,,trajectories\manual_03_unreachable_target.json__C__greedy__seed4__run4.json,0,guided,,0,True,False,False,True
manual_03_unreachable_target.json,manual,C,greedy,5,5,0,6,2,5.43000060133636e-05,0,,,trajectories\manual_03_unreachable_target.json__C__greedy__seed5__run5.json,0,guided,,0,True,False,False,True
manual_03_unreachable_target.json,manual,C,a_star,1,1,0,0,0,7.729997741989791e-05,0,,,trajectories\manual_03_unreachable_target.json__C__a_star__seed1__run1.json,0,guided,,0,True,False,False,True
manual_03_unreachable_target.json,manual,C,a_star,2,2,0,0,0,0.0001328999933321,0,,,trajectories\manual_03_unreachable_target.json__C__a_star__seed2__run2.json,0,guided,,0,True,False,False,True
manual_03_unreachable_target.json,manual,C,a_star,3,3,0,0,0,6.290001329034567e-05,0,,,trajectories\manual_03_unreachable_target.json__C__a_star__seed3__run3.json,0,guided,,0,True,False,False,True
manual_03_unreachable_target.json,manual,C,a_star,4,4,0,0,0,5.34999999217689e-05,0,,,trajectories\manual_03_unreachable_target.json__C__a_star__seed4__run4.json,0,guided,,0,True,False,False,True
manual_03_unreachable_target.json,manual,C,a_star,5,5,0,0,0,6.589997792616487e-05,0,,,trajectories\manual_03_unreachable_target.json__C__a_star__seed5__run5.json,0,guided,,0,True,False,False,True
manual_03_unreachable_target.json,manual,C,exact_small,1,1,0,0,0,4.75000124424696e-05,0,,,trajectories\manual_03_unreachable_target.json__C__exact_small__seed1__run1.json,0,guided,,0,True,False,False,True
manual_03_unreachable_target.json,manual,C,exact_small,2,2,0,0,0,5.34999999217689e-05,0,,,trajectories\manual_03_unreachable_target.json__C__exact_small__seed2__run2.json,0,guided,,0,True,False,False,True
manual_03_unreachable_target.json,manual,C,exact_small,3,3,0,0,0,4.39999857917428e-05,0,,,trajectories\manual_03_unreachable_target.json__C__exact_small__seed3__run3.json,0,guided,,0,True,False,False,True
manual_03_unreachable_target.json,manual,C,exact_small,4,4,0,0,0,7.259999983943999e-05,0,,,trajectories\manual_03_unreachable_target.json__C__exact_small__seed4__run4.json,0,guided,,0,True,False,False,True
manual_03_unreachable_target.json,manual,C,exact_small,5,5,0,0,0,5.8200006606057286e-05,0,,,trajectories\manual_03_unreachable_target.json__C__exact_small__seed5__run5.json,0,guided,,0,True,False,False,True
manual_03_unreachable_target.json,manual,D,greedy,1,1,0,6,2,33.48231079999823,2,,,trajectories\manual_03_unreachable_target.json__D__greedy__seed1__run1.json,0,guided,,0,True,False,False,True
manual_03_unreachable_target.json,manual,D,greedy,2,2,0,6,2,0.0257856000098399,2,,,trajectories\manual_03_unreachable_target.json__D__greedy__seed2__run2.json,0,guided,,0,True,False,False,True
manual_03_unreachable_target.json,manual,D,greedy,3,3,0,6,2,0.0153149999969173,2,,,trajectories\manual_03_unreachable_target.json__D__greedy__seed3__run3.json,0,guided,,0,True,False,False,True
manual_03_unreachable_target.json,manual,D,greedy,4,4,0,6,2,0.0151982000097632,2,,,trajectories\manual_03_unreachable_target.json__D__greedy__seed4__run4.json,0,guided,,0,True,False,False,True
manual_03_unreachable_target.json,manual,D,greedy,5,5,0,6,2,0.0150744999991729,2,,,trajectories\manual_03_unreachable_target.json__D__greedy__seed5__run5.json,0,guided,,0,True,False,False,True
manual_03_unreachable_target.json,manual,D,a_star,1,1,0,6,2,0.0141396000108215,2,,,trajectories\manual_03_unreachable_target.json__D__a_star__seed1__run1.json,0,guided,,0,True,False,False,True
manual_03_unreachable_target.json,manual,D,a_star,2,2,0,6,2,0.0138574999873526,2,,,trajectories\manual_03_unreachable_target.json__D__a_star__seed2__run2.json,0,guided,,0,True,False,False,True
manual_03_unreachable_target.json,manual,D,a_star,3,3,0,6,2,0.0139491999871097,2,,,trajectories\manual_03_unreachable_target.json__D__a_star__seed3__run3.json,0,guided,,0,True,False,False,True
manual_03_unreachable_target.json,manual,D,a_star,4,4,0,6,2,0.0148361999890767,2,,,trajectories\manual_03_unreachable_target.json__D__a_star__seed4__run4.json,0,guided,,0,True,False,False,True
manual_03_unreachable_target.json,manual,D,a_star,5,5,0,6,2,0.0141768000030424,2,,,trajectories\manual_03_unreachable_target.json__D__a_star__seed5__run5.json,0,guided,,0,True,False,False,True
manual_03_unreachable_target.json,manual,D,exact_small,1,1,0,6,2,0.014014499989571,2,,,trajectories\manual_03_unreachable_target.json__D__exact_small__seed1__run1.json,0,guided,,0,True,False,False,True
manual_03_unreachable_target.json,manual,D,exact_small,2,2,0,6,2,0.0152180999866686,2,,,trajectories\manual_03_unreachable_target.json__D__exact_small__seed2__run2.json,0,guided,,0,True,False,False,True
manual_03_unreachable_target.json,manual,D,exact_small,3,3,0,6,2,0.0137006999866571,2,,,trajectories\manual_03_unreachable_target.json__D__exact_small__seed3__run3.json,0,guided,,0,True,False,False,True
manual_03_unreachable_target.json,manual,D,exact_small,4,4,0,6,2,0.0141543000063393,2,,,trajectories\manual_03_unreachable_target.json__D__exact_small__seed4__run4.json,0,guided,,0,True,False,False,True
manual_03_unreachable_target.json,manual,D,exact_small,5,5,0,6,2,0.0140853000048082,2,,,trajectories\manual_03_unreachable_target.json__D__exact_small__seed5__run5.json,0,guided,,0,True,False,False,True
manual_04_no_prereqs.json,manual,A,greedy,1,1,1,4,1,4.770001396536827e-05,0,,,trajectories\manual_04_no_prereqs.json__A__greedy__seed1__run1.json,1,oracle,,0,True,True,False,False
manual_04_no_prereqs.json,manual,A,greedy,2,2,1,4,1,3.2400013878941536e-05,0,,,trajectories\manual_04_no_prereqs.json__A__greedy__seed2__run2.json,1,oracle,,0,True,True,False,False
manual_04_no_prereqs.json,manual,A,greedy,3,3,1,4,1,3.15000070258975e-05,0,,,trajectories\manual_04_no_prereqs.json__A__greedy__seed3__run3.json,1,oracle,,0,True,True,False,False
manual_04_no_prereqs.json,manual,A,greedy,4,4,1,4,1,2.910001785494387e-05,0,,,trajectories\manual_04_no_prereqs.json__A__greedy__seed4__run4.json,1,oracle,,0,True,True,False,False
manual_04_no_prereqs.json,manual,A,greedy,5,5,1,4,1,3.7999998312443495e-05,0,,,trajectories\manual_04_no_prereqs.json__A__greedy__seed5__run5.json,1,oracle,,0,True,True,False,False
manual_04_no_prereqs.json,manual,A,a_star,1,1,1,4,1,8.909997995942831e-05,0,,,trajectories\manual_04_no_prereqs.json__A__a_star__seed1__run1.json,1,oracle,,0,True,True,False,False
manual_04_no_prereqs.json,manual,A,a_star,2,2,1,4,1,8.369999704882503e-05,0,,,trajectories\manual_04_no_prereqs.json__A__a_star__seed2__run2.json,1,oracle,,0,True,True,False,False
manual_04_no_prereqs.json,manual,A,a_star,3,3,1,4,1,0.0001201000122819,0,,,trajectories\manual_04_no_prereqs.json__A__a_star__seed3__run3.json,1,oracle,,0,True,True,False,False
manual_04_no_prereqs.json,manual,A,a_star,4,4,1,4,1,7.879998884163797e-05,0,,,trajectories\manual_04_no_prereqs.json__A__a_star__seed4__run4.json,1,oracle,,0,True,True,False,False
manual_04_no_prereqs.json,manual,A,a_star,5,5,1,4,1,0.0001168999879155,0,,,trajectories\manual_04_no_prereqs.json__A__a_star__seed5__run5.json,1,oracle,,0,True,True,False,False
manual_04_no_prereqs.json,manual,A,exact_small,1,1,1,4,1,6.849999772384763e-05,0,,,trajectories\manual_04_no_prereqs.json__A__exact_small__seed1__run1.json,1,oracle,,0,True,True,False,False
manual_04_no_prereqs.json,manual,A,exact_small,2,2,1,4,1,6.53000024612993e-05,0,,,trajectories\manual_04_no_prereqs.json__A__exact_small__seed2__run2.json,1,oracle,,0,True,True,False,False
manual_04_no_prereqs.json,manual,A,exact_small,3,3,1,4,1,5.830000736750662e-05,0,,,trajectories\manual_04_no_prereqs.json__A__exact_small__seed3__run3.json,1,oracle,,0,True,True,False,False
manual_04_no_prereqs.json,manual,A,exact_small,4,4,1,4,1,7.909999112598598e-05,0,,,trajectories\manual_04_no_prereqs.json__A__exact_small__seed4__run4.json,1,oracle,,0,True,True,False,False
manual_04_no_prereqs.json,manual,A,exact_small,5,5,1,4,1,4.909999552182853e-05,0,,,trajectories\manual_04_no_prereqs.json__A__exact_small__seed5__run5.json,1,oracle,,0,True,True,False,False
manual_04_no_prereqs.json,manual,B,greedy,1,1,1,4,1,2.6599998818710446e-05,1,,,trajectories\manual_04_no_prereqs.json__B__greedy__seed1__run1.json,1,auto,,0,True,True,False,True
manual_04_no_prereqs.json,manual,B,greedy,2,2,1,4,1,3.190001007169485e-05,1,,,trajectories\manual_04_no_prereqs.json__B__greedy__seed2__run2.json,1,auto,,0,True,True,False,True
manual_04_no_prereqs.json,manual,B,greedy,3,3,1,4,1,4.099999205209315e-05,1,,,trajectories\manual_04_no_prereqs.json__B__greedy__seed3__run3.json,1,auto,,0,True,True,False,True
manual_04_no_prereqs.json,manual,B,greedy,4,4,1,4,1,3.399999695830047e-05,1,,,trajectories\manual_04_no_prereqs.json__B__greedy__seed4__run4.json,1,auto,,0,True,True,False,True
manual_04_no_prereqs.json,manual,B,greedy,5,5,1,4,1,2.979999408125877e-05,1,,,trajectories\manual_04_no_prereqs.json__B__greedy__seed5__run5.json,1,auto,,0,True,True,False,True
manual_04_no_prereqs.json,manual,B,a_star,1,1,1,4,1,5.959998816251755e-05,1,,,trajectories\manual_04_no_prereqs.json__B__a_star__seed1__run1.json,1,auto,,0,True,True,False,True
manual_04_no_prereqs.json,manual,B,a_star,2,2,1,4,1,0.0001563999976497,1,,,trajectories\manual_04_no_prereqs.json__B__a_star__seed2__run2.json,1,auto,,0,True,True,False,True
manual_04_no_prereqs.json,manual,B,a_star,3,3,1,4,1,8.310002158395946e-05,1,,,trajectories\manual_04_no_prereqs.json__B__a_star__seed3__run3.json,1,auto,,0,True,True,False,True
manual_04_no_prereqs.json,manual,B,a_star,4,4,1,4,1,7.130001904442906e-05,1,,,trajectories\manual_04_no_prereqs.json__B__a_star__seed4__run4.json,1,auto,,0,True,True,False,True
manual_04_no_prereqs.json,manual,B,a_star,5,5,1,4,1,0.0001747999922372,1,,,trajectories\manual_04_no_prereqs.json__B__a_star__seed5__run5.json,1,auto,,0,True,True,False,True
manual_04_no_prereqs.json,manual,B,exact_small,1,1,1,4,1,3.610001294873655e-05,1,,,trajectories\manual_04_no_prereqs.json__B__exact_small__seed1__run1.json,1,auto,,0,True,True,False,True
manual_04_no_prereqs.json,manual,B,exact_small,2,2,1,4,1,9.419998968951404e-05,1,,,trajectories\manual_04_no_prereqs.json__B__exact_small__seed2__run2.json,1,auto,,0,True,True,False,True
manual_04_no_prereqs.json,manual,B,exact_small,3,3,1,4,1,3.589998232200742e-05,1,,,trajectories\manual_04_no_prereqs.json__B__exact_small__seed3__run3.json,1,auto,,0,True,True,False,True
manual_04_no_prereqs.json,manual,B,exact_small,4,4,1,4,1,5.299999611452222e-05,1,,,trajectories\manual_04_no_prereqs.json__B__exact_small__seed4__run4.json,1,auto,,0,True,True,False,True
manual_04_no_prereqs.json,manual,B,exact_small,5,5,1,4,1,3.649998689070344e-05,1,,,trajectories\manual_04_no_prereqs.json__B__exact_small__seed5__run5.json,1,auto,,0,True,True,False,True
manual_04_no_prereqs.json,manual,C,greedy,1,1,1,4,1,2.5899993488565087e-05,1,9.333333333333334,1.0,trajectories\manual_04_no_prereqs.json__C__greedy__seed1__run1.json,1,guided,,0,True,True,True,True
manual_04_no_prereqs.json,manual,C,greedy,2,2,1,4,1,4.290000651963055e-05,1,9.333333333333334,1.0,trajectories\manual_04_no_prereqs.json__C__greedy__seed2__run2.json,1,guided,,0,True,True,True,True
manual_04_no_prereqs.json,manual,C,greedy,3,3,1,4,1,6.199997733347118e-05,1,9.333333333333334,1.0,trajectories\manual_04_no_prereqs.json__C__greedy__seed3__run3.json,1,guided,,0,True,True,True,True
manual_04_no_prereqs.json,manual,C,greedy,4,4,1,4,1,4.390001413412392e-05,1,9.333333333333334,1.0,trajectories\manual_04_no_prereqs.json__C__greedy__seed4__run4.json,1,guided,,0,True,True,True,True
manual_04_no_prereqs.json,manual,C,greedy,5,5,1,4,1,4.569999873638153e-05,1,9.333333333333334,1.0,trajectories\manual_04_no_prereqs.json__C__greedy__seed5__run5.json,1,guided,,0,True,True,True,True
manual_04_no_prereqs.json,manual,C,a_star,1,1,1,4,1,0.0001333999971393,1,9.333333333333334,1.0,trajectories\manual_04_no_prereqs.json__C__a_star__seed1__run1.json,1,guided,,0,True,True,True,True
manual_04_no_prereqs.json,manual,C,a_star,2,2,1,4,1,0.0001358999870717,1,9.333333333333334,1.0,trajectories\manual_04_no_prereqs.json__C__a_star__seed2__run2.json,1,guided,,0,True,True,True,True
manual_04_no_prereqs.json,manual,C,a_star,3,3,1,4,1,0.0001225000014528,1,9.333333333333334,1.0,trajectories\manual_04_no_prereqs.json__C__a_star__seed3__run3.json,1,guided,,0,True,True,True,True
manual_04_no_prereqs.json,manual,C,a_star,4,4,1,4,1,0.000166200014064,1,9.333333333333334,1.0,trajectories\manual_04_no_prereqs.json__C__a_star__seed4__run4.json,1,guided,,0,True,True,True,True
manual_04_no_prereqs.json,manual,C,a_star,5,5,1,4,1,0.0002180000010412,1,9.333333333333334,1.0,trajectories\manual_04_no_prereqs.json__C__a_star__seed5__run5.json,1,guided,,0,True,True,True,True
manual_04_no_prereqs.json,manual,C,exact_small,1,1,1,4,1,8.669999078847468e-05,1,9.333333333333334,1.0,trajectories\manual_04_no_prereqs.json__C__exact_small__seed1__run1.json,1,guided,,0,True,True,True,True
manual_04_no_prereqs.json,manual,C,exact_small,2,2,1,4,1,0.0001049000129569,1,9.333333333333334,1.0,trajectories\manual_04_no_prereqs.json__C__exact_small__seed2__run2.json,1,guided,,0,True,True,True,True
manual_04_no_prereqs.json,manual,C,exact_small,3,3,1,4,1,8.450000314041972e-05,1,9.333333333333334,1.0,trajectories\manual_04_no_prereqs.json__C__exact_small__seed3__run3.json,1,guided,,0,True,True,True,True
manual_04_no_prereqs.json,manual,C,exact_small,4,4,1,4,1,0.0001084000105038,1,9.333333333333334,1.0,trajectories\manual_04_no_prereqs.json__C__exact_small__seed4__run4.json,1,guided,,0,True,True,True,True
manual_04_no_prereqs.json,manual,C,exact_small,5,5,1,4,1,0.0001116999774239,1,9.333333333333334,1.0,trajectories\manual_04_no_prereqs.json__C__exact_small__seed5__run5.json,1,guided,,0,True,True,True,True
manual_04_no_prereqs.json,manual,D,greedy,1,1,1,8,3,54.926685100013856,3,,,trajectories\manual_04_no_prereqs.json__D__greedy__seed1__run1.json,1,guided,,0,True,True,False,True
manual_04_no_prereqs.json,manual,D,greedy,2,2,1,8,3,0.0310961999930441,3,,,trajectories\manual_04_no_prereqs.json__D__greedy__seed2__run2.json,1,guided,,0,True,True,False,True
manual_04_no_prereqs.json,manual,D,greedy,3,3,1,8,3,0.0269452999928034,3,,,trajectories\manual_04_no_prereqs.json__D__greedy__seed3__run3.json,1,guided,,0,True,True,False,True
manual_04_no_prereqs.json,manual,D,greedy,4,4,1,8,3,0.0243238999973982,3,,,trajectories\manual_04_no_prereqs.json__D__greedy__seed4__run4.json,1,guided,,0,True,True,False,True
manual_04_no_prereqs.json,manual,D,greedy,5,5,1,8,3,0.0229545000183861,3,,,trajectories\manual_04_no_prereqs.json__D__greedy__seed5__run5.json,1,guided,,0,True,True,False,True
manual_04_no_prereqs.json,manual,D,a_star,1,1,1,8,3,0.0630864000122528,3,,,trajectories\manual_04_no_prereqs.json__D__a_star__seed1__run1.json,1,guided,,0,True,True,False,True
manual_04_no_prereqs.json,manual,D,a_star,2,2,1,8,3,0.0603979000006802,3,,,trajectories\manual_04_no_prereqs.json__D__a_star__seed2__run2.json,1,guided,,0,True,True,False,True
manual_04_no_prereqs.json,manual,D,a_star,3,3,1,8,3,0.0472006000054534,3,,,trajectories\manual_04_no_prereqs.json__D__a_star__seed3__run3.json,1,guided,,0,True,True,False,True
manual_04_no_prereqs.json,manual,D,a_star,4,4,1,8,3,0.0211921000154688,3,,,trajectories\manual_04_no_prereqs.json__D__a_star__seed4__run4.json,1,guided,,0,True,True,False,True
manual_04_no_prereqs.json,manual,D,a_star,5,5,1,8,3,0.0196588999824598,3,,,trajectories\manual_04_no_prereqs.json__D__a_star__seed5__run5.json,1,guided,,0,True,True,False,True
manual_04_no_prereqs.json,manual,D,exact_small,1,1,1,8,3,0.0204214999976102,3,,,trajectories\manual_04_no_prereqs.json__D__exact_small__seed1__run1.json,1,guided,,0,True,True,False,True
manual_04_no_prereqs.json,manual,D,exact_small,2,2,1,8,3,0.0202283000107854,3,,,trajectories\manual_04_no_prereqs.json__D__exact_small__seed2__run2.json,1,guided,,0,True,True,False,True
manual_04_no_prereqs.json,manual,D,exact_small,3,3,1,8,3,0.0236044999910518,3,,,trajectories\manual_04_no_prereqs.json__D__exact_small__seed3__run3.json,1,guided,,0,True,True,False,True
manual_04_no_prereqs.json,manual,D,exact_small,4,4,1,8,3,0.0262666000053286,3,,,trajectories\manual_04_no_prereqs.json__D__exact_small__seed4__run4.json,1,guided,,0,True,True,False,True
manual_04_no_prereqs.json,manual,D,exact_small,5,5,1,8,3,0.0307823000184725,3,,,trajectories\manual_04_no_prereqs.json__D__exact_small__seed5__run5.json,1,guided,,0,True,True,False,True
manual_05_full_chain.json,manual,A,greedy,1,1,1,16,5,4.73999825771898e-05,0,,,trajectories\manual_05_full_chain.json__A__greedy__seed1__run1.json,1,oracle,,0,True,True,False,False
manual_05_full_chain.json,manual,A,greedy,2,2,1,16,5,8.279999019578099e-05,0,,,trajectories\manual_05_full_chain.json__A__greedy__seed2__run2.json,1,oracle,,0,True,True,False,False
manual_05_full_chain.json,manual,A,greedy,3,3,1,16,5,5.139998393133283e-05,0,,,trajectories\manual_05_full_chain.json__A__greedy__seed3__run3.json,1,oracle,,0,True,True,False,False
manual_05_full_chain.json,manual,A,greedy,4,4,1,16,5,3.290001768618822e-05,0,,,trajectories\manual_05_full_chain.json__A__greedy__seed4__run4.json,1,oracle,,0,True,True,False,False
manual_05_full_chain.json,manual,A,greedy,5,5,1,16,5,6.049999501556158e-05,0,,,trajectories\manual_05_full_chain.json__A__greedy__seed5__run5.json,1,oracle,,0,True,True,False,False
manual_05_full_chain.json,manual,A,a_star,1,1,1,16,5,0.0001078000059351,0,,,trajectories\manual_05_full_chain.json__A__a_star__seed1__run1.json,1,oracle,,0,True,True,False,False
manual_05_full_chain.json,manual,A,a_star,2,2,1,16,5,0.0001257999974768,0,,,trajectories\manual_05_full_chain.json__A__a_star__seed2__run2.json,1,oracle,,0,True,True,False,False
manual_05_full_chain.json,manual,A,a_star,3,3,1,16,5,9.320001117885111e-05,0,,,trajectories\manual_05_full_chain.json__A__a_star__seed3__run3.json,1,oracle,,0,True,True,False,False
manual_05_full_chain.json,manual,A,a_star,4,4,1,16,5,9.200000204145908e-05,0,,,trajectories\manual_05_full_chain.json__A__a_star__seed4__run4.json,1,oracle,,0,True,True,False,False
manual_05_full_chain.json,manual,A,a_star,5,5,1,16,5,0.0001032000000122,0,,,trajectories\manual_05_full_chain.json__A__a_star__seed5__run5.json,1,oracle,,0,True,True,False,False
manual_05_full_chain.json,manual,A,exact_small,1,1,1,16,5,8.820000221021473e-05,0,,,trajectories\manual_05_full_chain.json__A__exact_small__seed1__run1.json,1,oracle,,0,True,True,False,False
manual_05_full_chain.json,manual,A,exact_small,2,2,1,16,5,3.940000897273421e-05,0,,,trajectories\manual_05_full_chain.json__A__exact_small__seed2__run2.json,1,oracle,,0,True,True,False,False
manual_05_full_chain.json,manual,A,exact_small,3,3,1,16,5,9.2699978267774e-05,0,,,trajectories\manual_05_full_chain.json__A__exact_small__seed3__run3.json,1,oracle,,0,True,True,False,False
manual_05_full_chain.json,manual,A,exact_small,4,4,1,16,5,3.950000973418355e-05,0,,,trajectories\manual_05_full_chain.json__A__exact_small__seed4__run4.json,1,oracle,,0,True,True,False,False
manual_05_full_chain.json,manual,A,exact_small,5,5,1,16,5,4.579999949783087e-05,0,,,trajectories\manual_05_full_chain.json__A__exact_small__seed5__run5.json,1,oracle,,0,True,True,False,False
manual_05_full_chain.json,manual,B,greedy,1,1,1,16,5,3.100000321865082e-05,1,,,trajectories\manual_05_full_chain.json__B__greedy__seed1__run1.json,1,auto,,0,True,True,False,True
manual_05_full_chain.json,manual,B,greedy,2,2,1,16,5,0.0001192000054288,1,,,trajectories\manual_05_full_chain.json__B__greedy__seed2__run2.json,1,auto,,0,True,True,False,True
manual_05_full_chain.json,manual,B,greedy,3,3,1,16,5,4.6200002543628216e-05,1,,,trajectories\manual_05_full_chain.json__B__greedy__seed3__run3.json,1,auto,,0,True,True,False,True
manual_05_full_chain.json,manual,B,greedy,4,4,1,16,5,4.770001396536827e-05,1,,,trajectories\manual_05_full_chain.json__B__greedy__seed4__run4.json,1,auto,,0,True,True,False,True
manual_05_full_chain.json,manual,B,greedy,5,5,1,16,5,9.040001896210016e-05,1,,,trajectories\manual_05_full_chain.json__B__greedy__seed5__run5.json,1,auto,,0,True,True,False,True
manual_05_full_chain.json,manual,B,a_star,1,1,1,16,5,0.0001666999887675,1,,,trajectories\manual_05_full_chain.json__B__a_star__seed1__run1.json,1,auto,,0,True,True,False,True
manual_05_full_chain.json,manual,B,a_star,2,2,1,16,5,0.0001487000263296,1,,,trajectories\manual_05_full_chain.json__B__a_star__seed2__run2.json,1,auto,,0,True,True,False,True
manual_05_full_chain.json,manual,B,a_star,3,3,1,16,5,0.00011789999553,1,,,trajectories\manual_05_full_chain.json__B__a_star__seed3__run3.json,1,auto,,0,True,True,False,True
manual_05_full_chain.json,manual,B,a_star,4,4,1,16,5,0.0001309000072069,1,,,trajectories\manual_05_full_chain.json__B__a_star__seed4__run4.json,1,auto,,0,True,True,False,True
manual_05_full_chain.json,manual,B,a_star,5,5,1,16,5,7.51999905332923e-05,1,,,trajectories\manual_05_full_chain.json__B__a_star__seed5__run5.json,1,auto,,0,True,True,False,True
manual_05_full_chain.json,manual,B,exact_small,1,1,1,16,5,5.619999137707055e-05,1,,,trajectories\manual_05_full_chain.json__B__exact_small__seed1__run1.json,1,auto,,0,True,True,False,True
manual_05_full_chain.json,manual,B,exact_small,2,2,1,16,5,3.929997910745442e-05,1,,,trajectories\manual_05_full_chain.json__B__exact_small__seed2__run2.json,1,auto,,0,True,True,False,True
manual_05_full_chain.json,manual,B,exact_small,3,3,1,16,5,3.830000059679151e-05,1,,,trajectories\manual_05_full_chain.json__B__exact_small__seed3__run3.json,1,auto,,0,True,True,False,True
manual_05_full_chain.json,manual,B,exact_small,4,4,1,16,5,6.330001633614302e-05,1,,,trajectories\manual_05_full_chain.json__B__exact_small__seed4__run4.json,1,auto,,0,True,True,False,True
manual_05_full_chain.json,manual,B,exact_small,5,5,1,16,5,3.809999907389283e-05,1,,,trajectories\manual_05_full_chain.json__B__exact_small__seed5__run5.json,1,auto,,0,True,True,False,True
manual_05_full_chain.json,manual,C,greedy,1,1,1,16,5,6.370001938194036e-05,1,8.0,0.8,trajectories\manual_05_full_chain.json__C__greedy__seed1__run1.json,1,guided,,0,True,True,True,True
manual_05_full_chain.json,manual,C,greedy,2,2,1,16,5,3.2899988582357764e-05,1,8.0,0.8,trajectories\manual_05_full_chain.json__C__greedy__seed2__run2.json,1,guided,,0,True,True,True,True
manual_05_full_chain.json,manual,C,greedy,3,3,1,16,5,8.009999874047935e-05,1,8.0,0.8,trajectories\manual_05_full_chain.json__C__greedy__seed3__run3.json,1,guided,,0,True,True,True,True
manual_05_full_chain.json,manual,C,greedy,4,4,1,16,5,0.0001423000067006,1,8.0,0.8,trajectories\manual_05_full_chain.json__C__greedy__seed4__run4.json,1,guided,,0,True,True,True,True
manual_05_full_chain.json,manual,C,greedy,5,5,1,16,5,3.470000228844583e-05,1,8.0,0.8,trajectories\manual_05_full_chain.json__C__greedy__seed5__run5.json,1,guided,,0,True,True,True,True
manual_05_full_chain.json,manual,C,a_star,1,1,1,16,5,0.0001905999961309,1,8.0,0.8,trajectories\manual_05_full_chain.json__C__a_star__seed1__run1.json,1,guided,,0,True,True,True,True
manual_05_full_chain.json,manual,C,a_star,2,2,1,16,5,0.0001045000099111,1,8.0,0.8,trajectories\manual_05_full_chain.json__C__a_star__seed2__run2.json,1,guided,,0,True,True,True,True
manual_05_full_chain.json,manual,C,a_star,3,3,1,16,5,7.239999831654131e-05,1,8.0,0.8,trajectories\manual_05_full_chain.json__C__a_star__seed3__run3.json,1,guided,,0,True,True,True,True
manual_05_full_chain.json,manual,C,a_star,4,4,1,16,5,7.309997454285622e-05,1,8.0,0.8,trajectories\manual_05_full_chain.json__C__a_star__seed4__run4.json,1,guided,,0,True,True,True,True
manual_05_full_chain.json,manual,C,a_star,5,5,1,16,5,0.0001361999893561,1,8.0,0.8,trajectories\manual_05_full_chain.json__C__a_star__seed5__run5.json,1,guided,,0,True,True,True,True
manual_05_full_chain.json,manual,C,exact_small,1,1,1,16,5,6.0200021835044026e-05,1,8.0,0.8,trajectories\manual_05_full_chain.json__C__exact_small__seed1__run1.json,1,guided,,0,True,True,True,True
manual_05_full_chain.json,manual,C,exact_small,2,2,1,16,5,7.690000347793102e-05,1,8.0,0.8,trajectories\manual_05_full_chain.json__C__exact_small__seed2__run2.json,1,guided,,0,True,True,True,True
manual_05_full_chain.json,manual,C,exact_small,3,3,1,16,5,8.090000483207405e-05,1,8.0,0.8,trajectories\manual_05_full_chain.json__C__exact_small__seed3__run3.json,1,guided,,0,True,True,True,True
manual_05_full_chain.json,manual,C,exact_small,4,4,1,16,5,7.720000576227903e-05,1,8.0,0.8,trajectories\manual_05_full_chain.json__C__exact_small__seed4__run4.json,1,guided,,0,True,True,True,True
manual_05_full_chain.json,manual,C,exact_small,5,5,1,16,5,5.080000846646726e-05,1,8.0,0.8,trajectories\manual_05_full_chain.json__C__exact_small__seed5__run5.json,1,guided,,0,True,True,True,True
manual_05_full_chain.json,manual,D,greedy,1,1,1,16,5,93.7249845000042,5,,,trajectories\manual_05_full_chain.json__D__greedy__seed1__run1.json,1,guided,,0,True,True,False,True
manual_05_full_chain.json,manual,D,greedy,2,2,1,16,5,0.1114760999917052,5,,,trajectories\manual_05_full_chain.json__D__greedy__seed2__run2.json,1,guided,,0,True,True,False,True
manual_05_full_chain.json,manual,D,greedy,3,3,1,16,5,0.08335870000883,5,,,trajectories\manual_05_full_chain.json__D__greedy__seed3__run3.json,1,guided,,0,True,True,False,True
manual_05_full_chain.json,manual,D,greedy,4,4,1,16,5,0.0872629999939818,5,,,trajectories\manual_05_full_chain.json__D__greedy__seed4__run4.json,1,guided,,0,True,True,False,True
manual_05_full_chain.json,manual,D,greedy,5,5,1,16,5,0.1086709999945014,5,,,trajectories\manual_05_full_chain.json__D__greedy__seed5__run5.json,1,guided,,0,True,True,False,True
manual_05_full_chain.json,manual,D,a_star,1,1,1,16,5,0.0799384999845642,5,,,trajectories\manual_05_full_chain.json__D__a_star__seed1__run1.json,1,guided,,0,True,True,False,True
manual_05_full_chain.json,manual,D,a_star,2,2,1,16,5,0.0836983000044711,5,,,trajectories\manual_05_full_chain.json__D__a_star__seed2__run2.json,1,guided,,0,True,True,False,True
manual_05_full_chain.json,manual,D,a_star,3,3,1,16,5,0.1041351000021677,5,,,trajectories\manual_05_full_chain.json__D__a_star__seed3__run3.json,1,guided,,0,True,True,False,True
manual_05_full_chain.json,manual,D,a_star,4,4,1,16,5,0.0932515999884344,5,,,trajectories\manual_05_full_chain.json__D__a_star__seed4__run4.json,1,guided,,0,True,True,False,True
manual_05_full_chain.json,manual,D,a_star,5,5,1,16,5,0.0873358999961055,5,,,trajectories\manual_05_full_chain.json__D__a_star__seed5__run5.json,1,guided,,0,True,True,False,True
manual_05_full_chain.json,manual,D,exact_small,1,1,1,16,5,0.0885721999802626,5,,,trajectories\manual_05_full_chain.json__D__exact_small__seed1__run1.json,1,guided,,0,True,True,False,True
manual_05_full_chain.json,manual,D,exact_small,2,2,1,16,5,0.0878577000112272,5,,,trajectories\manual_05_full_chain.json__D__exact_small__seed2__run2.json,1,guided,,0,True,True,False,True
manual_05_full_chain.json,manual,D,exact_small,3,3,1,16,5,0.0760750999907031,5,,,trajectories\manual_05_full_chain.json__D__exact_small__seed3__run3.json,1,guided,,0,True,True,False,True
manual_05_full_chain.json,manual,D,exact_small,4,4,1,16,5,0.0778946000209543,5,,,trajectories\manual_05_full_chain.json__D__exact_small__seed4__run4.json,1,guided,,0,True,True,False,True
manual_05_full_chain.json,manual,D,exact_small,5,5,1,16,5,0.0791075000015553,5,,,trajectories\manual_05_full_chain.json__D__exact_small__seed5__run5.json,1,guided,,0,True,True,False,True
